1500_finish_s,3000_finish_s,5000_finish_s
216.38,464.01,3092
215.0,467.71,3552
217.47,459.19,3368
210.15,519.41,2615
212.68,459.32,2789
214.45,469.45,2858
215.01,468.64,1872
244.94,469.88,4667
217.43,514.65,1774
217.77,469.36,2160
243.05,462.22,3340
217.18,460.82,2250
216.97,466.66,1889
216.74,460.01,1758
215.49,520.08,1969
217.88,465.5,2296
217.46,516.48,1961
214.1,457.65,1092
217.9,509.59,2474
216.73,454.75,2233
244.59,467.43,1921
215.04,524.2,1810
216.91,461.73,2145
212.06,460.2,3776
244.47,466.6,2320
242.38,460.13,2889
217.67,464.7,1654
217.62,524.5,1732
216.2,464.66,3031
243.7,469.26,2293
216.09,455.8,2595
244.35,456.98,1459
213.97,466.59,1388
214.58,449.09,1506
215.93,468.72,1815
217.54,520.27,6866
216.52,462.78,1802
217.52,468.8,4472
216.61,463.12,2220
239.5,467.11,2411
239.58,467.24,3423
243.89,465.43,1809
242.21,467.47,1654
217.66,461.3,1620
213.91,460.03,1908
211.96,463.61,1669
215.02,524.41,4404
214.8,518.97,1993
217.27,460.47,1504
217.22,462.06,3317
214.15,460.86,3366
217.64,468.46,3579
215.51,514.81,2401
215.65,464.83,3558
216.84,469.91,1458
236.68,465.26,2984
216.72,519.47,1963
217.08,465.53,1987
214.55,469.55,4314
215.33,506.44,3251
215.98,461.85,2260
216.82,520.99,7434
215.42,466.4,2056
216.58,508.87,2100
216.0,462.17,3288
215.24,468.73,2601
217.82,458.18,2861
216.8,464.21,2113
217.76,465.02,2979
215.78,522.54,1699
243.08,468.5,3584
241.42,521.07,2209
217.11,465.01,2342
206.45,469.75,1836
215.77,519.85,3788
241.49,519.18,1552
244.83,468.48,2111
217.62,466.0,2611
215.87,466.41,3193
214.93,455.14,1136
214.34,469.86,1945
216.61,517.3,1597
212.0,468.03,2747
217.57,516.08,2945
240.7,466.26,23835
213.61,512.8,1889
243.87,466.96,3387
212.28,459.65,3024
242.12,467.02,1880
216.55,465.03,3067
243.83,465.26,1268
216.8,448.53,3225
213.91,464.6,2447
244.31,520.59,3860
216.66,515.86,2786
215.8,462.35,2264
244.28,462.95,2652
242.16,469.89,1635
212.57,521.17,1805
217.61,466.2,1918
214.55,517.04,3670
216.66,468.35,1841
241.95,468.8,2079
244.59,461.11,2814
217.8,469.4,1973
215.96,510.43,1928
210.16,519.47,1790
242.13,518.61,1670
214.25,463.47,1769
215.83,469.6,2287
241.52,469.31,3950
243.33,520.84,2183
215.57,513.57,2410
243.29,461.03,1373
217.46,463.7,2591
243.07,521.36,1864
244.24,460.94,2079
212.86,466.34,1677
217.61,468.07,2380
244.9,459.96,2129
236.0,469.79,1374
213.7,522.48,2487
215.52,457.95,4364
235.3,467.52,4251
211.74,467.95,1525
215.59,469.47,1196
239.58,456.11,1361
242.43,466.69,2582
217.19,455.72,2431
216.57,514.99,3447
217.7,465.3,1735
213.73,517.55,1817
217.73,519.75,1791
216.7,464.73,2949
240.98,465.95,3494
217.68,469.2,3046
213.98,455.69,1971
214.89,468.8,2535
240.86,466.79,1830
214.48,461.37,3429
216.14,466.86,2604
212.7,466.9,2385
214.35,465.28,2383
210.93,524.54,2065
240.37,465.93,3027
214.5,453.36,1845
213.13,448.94,3733
215.84,517.04,5900
216.84,524.21,1422
212.48,466.14,2703
212.52,459.29,1629
217.76,450.99,2714
210.71,463.23,1773
217.16,457.6,2039
216.83,463.59,1567
213.59,523.1,2577
242.96,446.02,1430
243.21,517.65,1134
217.48,454.36,1750
217.73,468.74,1915
241.81,462.08,4012
217.69,460.49,1425
213.49,453.13,3015
217.8,457.08,1819
216.91,523.67,3979
217.39,465.03,1622
244.88,522.78,1812
242.91,464.37,3423
242.09,469.9,3015
217.06,521.07,2859
243.47,469.57,3503
244.13,462.42,1781
216.48,467.0,2408
216.58,468.52,1191
217.96,460.78,3469
217.99,452.62,1343
212.46,465.4,1390
243.58,514.79,3495
215.72,521.58,2329
216.9,469.93,1300
216.39,467.16,1911
242.12,522.85,3828
213.97,469.7,1701
217.95,469.3,4328
214.32,515.42,3670
216.75,469.1,2382
214.69,462.35,1471
215.37,466.33,2027
217.25,465.6,2167
243.56,459.21,2614
217.8,469.68,3169
244.61,521.91,3261
216.22,468.93,2647
209.9,511.36,1521
242.6,509.05,4627
217.73,524.1,3604
216.49,456.28,2368
216.49,465.04,2759
217.81,468.2,3504
215.81,466.67,2632
214.51,468.72,1760
213.1,466.63,2547
216.4,513.35,1701
216.5,466.82,3350
215.75,523.71,2481
217.75,466.26,2363
238.54,469.29,2496
243.68,467.22,2318
217.13,445.09,1911
241.98,460.01,1631
210.94,463.73,1299
242.95,468.51,2674
208.51,461.31,2713
217.18,468.38,2246
216.78,468.94,4403
217.01,468.78,1616
215.73,467.23,3148
217.32,468.12,1414
241.28,523.45,2158
215.35,452.57,1979
244.76,522.54,1224
213.0,455.6,3059
213.22,461.87,4689
213.89,468.09,2284
215.75,513.29,3445
217.54,462.83,2176
215.8,467.76,1426
214.61,518.69,2549
216.59,468.01,2500
215.92,469.77,3265
210.8,469.88,2719
217.76,508.9,3533
215.34,522.28,1161
215.27,522.12,2258
212.43,467.28,2713
217.58,524.29,3014
214.65,468.53,1389
213.3,459.5,2289
213.8,462.16,2121
214.83,469.99,2173
216.97,515.37,1819
217.9,511.88,1151
215.87,524.07,4252
216.87,463.7,3672
217.4,449.11,2116
240.58,506.97,1665
216.55,502.34,1248
241.15,462.83,3222
214.77,458.42,2219
241.69,468.35,3209
240.79,467.18,1459
244.3,469.21,1963
217.7,465.91,2192
217.74,466.95,3334
242.79,464.39,1598
216.64,469.46,2520
212.97,463.3,4441
215.35,463.99,2948
215.82,464.21,3412
215.63,521.3,1981
242.65,518.01,2892
217.51,468.81,3711
217.54,461.4,1907
215.81,461.51,6328
244.16,461.41,1934
241.45,515.7,2997
216.9,464.33,4098
217.89,516.2,2597
213.98,460.34,3530
216.47,512.0,2976
217.17,524.21,2809
241.93,464.52,2475
242.83,469.87,2927
213.4,467.79,10420
217.17,463.48,1543
237.08,463.42,2210
216.56,517.68,2445
216.8,466.61,953
239.48,466.69,1936
214.25,520.1,1585
217.01,462.88,2332
216.68,467.31,2399
216.6,506.48,10036
213.2,461.8,2364
217.9,522.15,2756
244.11,469.21,2190
237.29,467.7,3490
216.23,463.1,1232
215.27,455.97,3592
216.89,464.23,2366
243.84,458.15,2941
216.71,463.5,1705
214.5,458.4,1633
244.17,463.0,2349
216.25,519.94,2432
217.57,460.43,3643
216.45,455.41,4267
240.34,517.76,1988
217.62,467.68,3099
215.82,464.19,5200
242.2,514.85,1819
217.51,452.52,2535
244.58,467.24,1810
215.35,517.58,4186
243.28,457.09,1938
217.36,464.6,1941
213.46,466.5,1966
217.27,468.76,1752
216.62,456.28,3094
217.44,460.37,1306
241.04,462.22,1856
214.57,465.16,2006
209.91,462.49,1658
242.59,521.22,2873
216.46,518.71,2095
217.55,516.46,3346
214.39,460.79,1543
214.4,504.05,2608
213.2,462.86,2042
216.84,468.6,1584
217.03,466.39,2634
217.36,468.7,1510
212.81,524.35,1311
214.0,463.2,2155
211.1,522.19,2256
216.6,459.09,1671
214.9,466.22,1530
214.89,453.35,1468
217.46,458.41,2981
213.85,500.07,2485
215.82,465.63,1793
216.67,460.99,1470
214.12,514.5,2184
212.79,458.35,1960
215.7,467.27,2565
243.23,451.4,1161
244.6,462.98,2722
216.31,459.42,1205
212.72,463.82,1977
216.17,458.47,4586
216.07,524.81,2025
214.0,454.87,1226
216.9,509.69,2017
216.5,469.52,3442
210.88,467.16,1922
217.15,462.39,1979
217.04,457.68,1822
214.45,461.31,3472
217.41,463.76,1709
216.6,468.52,4296
240.32,469.26,1673
215.43,469.79,2728
217.75,524.21,2343
215.09,468.04,2181
242.26,457.15,3138
217.88,515.5,1537
213.96,462.23,11589
217.48,459.02,1701
216.48,508.72,3026
243.25,462.27,1887
215.5,522.62,2414
216.36,466.67,1371
242.65,467.83,1613
214.68,453.3,3312
217.69,469.46,1460
216.89,455.61,2497
214.41,508.66,3604
217.1,452.36,2141
215.7,462.14,2079
217.43,518.67,3515
243.18,520.96,1925
238.92,461.37,4394
215.21,513.83,87000
216.43,459.96,3295
216.75,467.63,5896
242.35,524.99,4038
217.19,461.21,1474
242.67,457.7,3515
211.95,468.08,2108
215.31,462.51,3439
215.27,469.86,1932
244.67,454.27,1931
217.67,469.71,2026
212.96,467.68,1795
212.29,466.16,3488
217.0,468.55,1166
214.27,468.47,4016
243.2,515.45,7801
244.88,458.92,3400
217.46,468.47,1808
217.53,466.42,2849
215.69,463.16,3706
241.64,521.68,1604
215.99,468.02,2271
214.84,454.41,2434
214.7,457.4,2367
216.29,462.9,2998
214.77,456.59,1657
213.68,518.31,1772
217.6,452.94,1458
213.47,465.0,4799
216.0,524.72,2206
243.69,469.57,1456
217.2,461.8,2023
215.43,454.57,14162
217.7,517.0,2283
212.81,469.98,2530
212.16,465.08,2161
216.71,468.96,2377
233.22,453.0,3579
215.92,519.29,3928
214.01,466.71,8296
212.21,462.38,2464
209.05,462.83,2575
209.51,453.36,3580
241.06,508.05,1800
217.56,467.59,5854
216.23,460.39,3533
244.05,466.3,2223
211.06,469.41,2769
213.99,457.33,4693
217.92,468.35,1475
241.77,465.91,1875
216.15,521.42,12630
217.73,513.36,2237
243.64,469.86,1205
236.79,468.88,1591
215.85,516.71,1778
215.4,523.13,2207
216.4,469.95,1670
244.76,467.71,3436
243.13,514.66,1639
244.08,467.96,2292
217.44,468.49,2322
214.73,456.71,18559
217.42,504.51,1923
217.36,459.02,1821
216.43,451.88,3117
215.21,522.57,3323
216.65,469.82,2820
213.0,461.03,2811
212.37,459.27,2445
243.71,522.35,1775
216.47,457.73,1477
217.14,524.8,1940
213.63,461.03,2680
244.17,464.42,2708
213.81,461.59,3318
214.35,467.22,2793
213.27,462.0,2113
217.42,460.72,1915
215.4,513.4,3927
212.43,465.8,3294
239.45,466.62,4442
217.49,464.53,2965
212.81,469.74,3378
242.97,469.25,3279
244.09,465.2,2672
216.77,515.32,1570
216.19,469.05,2006
216.9,520.16,3660
217.66,461.61,1998
217.04,464.36,3492
238.67,458.03,1646
214.52,514.9,2285
244.56,512.18,2107
217.3,465.99,2047
234.32,469.58,2458
216.65,468.0,1435
243.24,450.53,2808
244.84,464.4,2892
217.98,465.17,2958
212.6,458.7,1165
217.82,458.89,1620
216.82,462.76,2412
216.94,461.5,3723
217.04,467.36,2982
216.13,521.49,2917
217.54,524.02,2019
215.86,467.8,1748
217.6,462.29,2498
217.86,464.91,1253
217.05,467.86,2004
214.76,468.71,1184
217.37,468.82,1562
239.37,460.11,1637
215.13,455.15,1598
217.46,468.18,1966
216.36,469.8,4501
212.84,464.78,3197
217.3,449.92,3762
244.34,461.41,2110
215.2,464.65,2294
213.92,461.61,2235
217.9,469.67,2750
214.99,468.6,2763
243.08,465.4,1313
243.39,465.52,4502
241.78,463.2,2859
214.12,462.02,2191
217.71,463.27,1621
216.0,467.13,2524
217.48,455.53,2611
215.8,469.05,3858
214.08,521.27,2321
215.26,445.11,3454
217.7,468.17,1494
215.94,457.64,1698
241.41,456.72,3465
240.09,468.94,2466
210.04,463.94,2936
237.05,522.48,3085
217.26,524.11,3124
217.29,521.41,1560
217.02,463.94,1579
214.36,524.98,2165
217.86,512.1,2821
214.2,509.05,2755
243.51,469.98,2610
215.06,461.4,1042
216.2,459.72,1875
242.21,521.08,1450
215.22,459.61,2015
214.96,460.25,2265
217.63,461.83,2151
244.92,464.64,2444
214.02,467.86,2220
216.59,467.22,2253
217.85,465.6,1777
216.52,462.97,4691
214.59,461.5,1854
217.43,465.3,1867
217.47,458.11,4500
243.47,456.75,1735
213.41,465.4,1992
241.5,524.38,3417
213.69,464.73,2181
242.83,510.99,1600
217.2,448.82,1629
212.86,449.9,2537
242.76,469.02,5438
217.85,457.14,3497
216.0,524.57,4445
215.87,468.02,3420
212.9,463.6,2065
216.52,523.76,1995
215.34,465.68,2435
217.13,458.77,1366
217.18,462.84,1471
217.08,463.67,2128
217.69,453.32,1488
216.22,455.52,2301
217.21,466.36,1365
240.25,459.9,3718
216.55,463.89,3931
239.3,469.37,2438
217.64,466.05,1517
216.45,463.92,1951
244.2,520.01,6705
215.86,461.9,2158
217.5,463.1,1324
215.1,469.23,3218
217.55,455.13,1809
215.86,469.9,3279
243.5,468.59,2021
216.46,521.52,3396
213.42,469.18,1882
241.21,462.18,3029
215.5,467.89,2200
214.6,506.35,2211
214.56,466.01,1543
243.52,458.98,1800
243.18,462.24,1663
242.94,468.39,1764
216.26,466.0,2136
244.83,468.39,3271
214.8,461.68,4625
214.79,467.97,2595
216.25,507.62,1163
217.0,507.12,1320
213.08,469.2,1736
244.31,457.72,1937
216.71,459.32,2231
214.3,468.13,2996
239.73,468.8,1508
239.04,469.01,4523
213.89,512.33,1750
216.58,466.72,3175
214.73,516.87,1613
213.36,466.6,1703
211.72,454.78,4692
216.24,460.56,1572
215.8,511.89,4067
216.35,454.83,1711
215.62,467.2,3496
215.05,508.96,2013
217.8,467.3,1809
217.6,457.62,1603
217.93,456.78,3187
217.64,468.85,1772
216.97,465.53,2804
211.97,459.65,1856
217.91,513.99,2636
214.29,468.48,2653
217.96,523.08,2010
211.95,462.08,2287
244.9,457.49,3608
242.0,523.6,1869
239.63,462.68,2162
212.38,462.75,3171
235.59,455.99,2714
216.2,522.47,2470
215.37,519.14,1620
244.22,518.45,1726
243.9,467.21,1394
215.96,456.76,2043
214.31,457.16,2060
215.74,451.81,1442
238.81,506.5,1522
212.86,469.09,2358
217.7,461.59,1653
217.99,522.39,219525
213.8,524.29,1661
216.34,524.45,14311
241.79,469.12,3512
217.52,518.55,2139
217.72,464.19,3168
217.57,465.06,1060
217.68,468.81,2778
217.27,465.29,2216
217.45,455.46,1887
240.53,510.39,1961
217.99,467.1,1390
214.49,512.7,2536
213.44,467.78,2000
216.63,465.86,2337
214.18,468.81,4067
238.6,465.97,1789
241.39,468.2,3535
244.16,464.23,3087
216.51,466.71,1317
210.6,468.18,1374
244.07,515.31,2274
213.15,466.47,4031
216.76,458.3,2483
243.1,467.77,1969
214.85,518.43,2955
215.81,521.74,1919
213.98,469.09,2902
215.56,466.91,1929
243.78,467.2,1784
216.78,523.39,1175
214.11,458.9,2651
217.03,460.21,2290
235.14,468.4,2407
213.01,468.78,3042
209.91,516.29,2885
242.83,507.25,8282
216.33,457.05,3438
216.88,468.5,3521
214.99,459.89,2028
217.08,520.32,3076
215.76,460.43,2660
244.01,468.47,2415
210.68,469.84,1581
215.97,521.3,1464
216.53,462.53,2136
214.69,452.16,2957
244.64,519.21,1772
241.31,515.13,2579
244.61,468.2,1728
217.37,454.4,4201
217.0,466.4,2452
215.58,459.85,2356
217.1,517.8,2145
215.16,464.71,1377
217.69,467.61,1890
243.01,456.08,1392
211.74,524.46,3312
216.49,459.12,2872
212.75,468.36,1173
243.8,461.33,1482
243.25,468.42,1547
215.05,464.71,1749
216.38,467.0,1642
215.18,461.84,3382
214.98,469.5,1621
215.96,514.58,2759
217.3,467.67,1925
216.84,467.34,1385
241.26,467.16,2068
243.42,524.92,3588
216.4,462.65,2178
241.58,506.7,3039
217.07,462.58,1826
211.17,511.75,4341
215.26,469.98,2142
215.24,467.68,2061
215.31,464.65,1851
244.47,468.9,1783
214.9,520.22,2215
217.31,466.08,2760
217.04,458.7,1365
212.96,467.21,2928
214.83,522.6,3142
215.65,524.09,2935
214.73,468.2,2545
217.97,517.63,2415
215.48,510.28,2191
216.32,455.43,2000
217.27,469.53,2248
242.08,522.84,2430
244.96,461.92,1838
244.02,469.78,2347
243.83,467.16,2770
210.79,468.6,2702
217.0,513.38,2421
213.82,469.53,1950
244.34,454.7,2815
241.7,461.64,14171
217.75,452.55,2394
213.43,468.9,1835
215.75,462.39,3144
216.01,453.92,2038
236.57,468.24,2177
236.56,469.64,1689
217.06,524.46,1334
242.39,505.03,2798
217.26,523.0,2287
243.72,469.28,2157
217.86,450.09,1581
214.96,461.41,2124
217.2,454.07,2728
215.45,518.42,3397
215.8,464.99,16501
215.95,467.61,1380
217.53,462.47,2284
243.75,466.63,2765
216.54,524.34,1975
215.12,505.82,1613
243.43,451.33,3085
216.54,468.97,2913
238.42,519.88,3607
244.89,468.63,2519
241.75,466.74,3113
243.5,468.15,1622
210.92,467.78,1884
214.1,448.0,1711
216.8,461.84,2799
237.64,453.86,2125
217.25,469.45,2447
217.3,465.48,2133
217.83,468.66,1492
214.01,452.01,2842
217.4,463.76,2369
216.33,524.9,1267
215.91,458.15,2414
217.07,467.09,3467
244.27,467.99,1999
211.72,468.73,11371
243.79,469.45,1348
244.83,469.64,3661
217.88,456.47,1344
243.15,468.55,2510
215.34,468.77,6032
217.26,468.45,3903
241.4,466.0,4145
217.43,464.0,2575
213.05,462.44,3281
217.98,469.75,5596
214.0,523.55,3268
215.44,467.68,4233
215.12,455.91,3883
214.23,469.9,1611
216.96,448.94,1939
215.04,465.22,2240
214.49,523.23,3351
217.89,469.2,2016
216.61,464.88,2878
216.54,467.26,2342
217.3,459.95,1598
214.55,466.96,2226
217.1,454.71,2073
217.83,469.44,3697
213.83,463.36,3295
212.13,456.71,1505
216.23,465.2,2003
216.39,524.05,1502
215.6,453.96,4583
217.91,464.89,2355
217.97,523.9,2238
215.41,466.66,3228
243.02,464.24,3041
214.99,464.59,3828
217.62,459.4,2521
213.41,457.23,2377
213.92,468.61,2578
244.82,458.08,1729
214.54,514.53,4034
217.58,522.64,1343
217.35,466.85,3270
242.65,458.07,2268
217.8,508.27,1462
216.24,523.0,2431
215.74,463.9,2396
242.74,465.36,4071
215.46,466.06,1332
217.2,459.17,3083
212.94,462.96,2861
241.62,465.74,1477
242.69,518.46,2350
217.0,518.1,4601
241.7,462.35,1993
216.77,459.24,"(None, None)"
215.4,522.61,2969
217.42,467.61,1788
215.6,461.19,2543
215.42,452.89,2008
210.95,457.76,3493
216.65,524.9,1352
217.99,459.51,3490
215.49,463.8,2429
215.83,467.17,2042
235.93,462.7,1834
211.3,459.45,3703
217.77,468.5,1621
243.55,461.74,1054
216.47,465.45,2449
243.3,467.8,1903
215.66,511.38,1795
239.69,523.04,1826
217.18,465.28,4264
217.85,467.53,1449
217.42,462.55,3331
215.43,518.13,2142
216.22,468.78,3679
215.91,516.37,2142
216.98,466.51,2386
214.17,447.67,92460
217.81,467.72,2464
215.15,519.51,2749
214.99,457.63,1413
216.67,511.45,2000
211.02,521.11,3628
216.84,466.54,2091
217.68,465.6,1843
216.73,457.35,1753
216.42,454.12,4060
238.28,468.79,1451
215.87,466.24,2259
217.66,466.5,2679
217.0,468.97,2192
238.08,465.7,3448
215.04,512.31,2012
216.76,466.19,2194
217.45,456.79,1918
213.73,465.37,2644
243.24,466.56,1808
240.5,501.42,2255
210.46,458.98,2010
215.84,507.5,1789
216.78,520.08,2261
217.04,457.57,2008
217.6,461.6,3932
212.37,467.73,1279
211.82,520.99,2351
216.02,469.59,2819
212.61,450.91,3180
212.8,464.76,2322
216.51,520.95,2010
214.16,464.4,1895
217.87,517.4,1404
215.5,468.62,1874
243.73,467.7,2680
216.5,517.97,1168
215.49,515.82,4345
212.74,466.86,3750
242.79,465.16,2152
217.25,518.13,2169
213.27,522.95,3557
217.6,465.46,2237
214.28,466.94,1880
216.66,514.25,1738
215.88,523.93,3429
217.75,468.57,3124
216.9,457.76,2010
244.97,466.38,1578
242.57,467.95,2660
217.9,453.89,3312
242.27,460.11,2563
214.94,461.79,3458
215.54,517.03,1286
215.67,466.69,2056
217.7,464.21,2020
242.1,467.29,12625
217.74,466.9,1724
244.02,523.81,1243
215.84,515.28,2768
207.64,522.09,2099
215.04,461.43,2134
213.75,458.77,1945
217.17,521.99,1634
214.55,468.62,1577
244.2,468.8,2416
244.98,460.34,1676
243.76,521.46,3679
216.25,457.18,1790
210.86,458.69,2378
244.47,510.64,1712
242.05,466.72,2615
216.42,524.11,2685
217.94,464.88,2933
216.65,515.3,2779
243.51,524.72,2012
215.28,523.3,1108
217.44,524.02,3692
239.49,465.8,3537
243.2,465.78,3848
212.75,506.14,2474
211.54,516.11,2829
215.65,523.75,1945
214.15,459.72,1986
215.98,468.94,2720
239.12,463.97,1903
242.54,511.81,2119
212.91,458.27,2327
216.91,467.78,2418
216.37,523.99,2415
216.99,455.46,7002
215.7,524.04,3497
216.56,468.92,3065
211.24,462.19,1778
215.48,522.84,1503
242.27,463.32,2801
216.32,457.51,1531
242.5,466.15,1834
213.9,507.83,1436
209.47,469.53,2743
217.69,467.66,2232
243.92,459.27,1840
242.7,523.46,1485
239.97,466.47,3799
213.4,466.79,2300
243.44,462.15,2112
214.41,466.57,2062
216.44,469.41,1264
214.08,463.18,2112
217.17,465.21,2321
217.6,458.24,1427
237.03,469.71,4621
215.93,505.1,3396
217.19,519.88,3413
216.1,514.19,2163
217.68,469.7,2181
242.96,458.95,3240
217.56,456.66,1735
214.02,466.6,1268
240.15,461.81,1431
216.82,451.47,1808
217.6,447.16,2116
216.6,517.63,2201
216.92,469.73,2285
217.31,467.4,1522
217.67,463.1,3331
213.87,461.3,2084
217.72,465.85,2859
237.13,523.73,2220
243.38,459.56,2143
243.5,463.48,2772
217.92,521.07,2913
217.43,515.76,3858
210.59,467.23,2517
244.94,466.32,1474
216.94,462.4,2324
217.13,524.77,4423
242.58,524.68,1380
217.51,521.86,9592
216.02,469.42,2078
244.31,460.26,1901
242.4,461.04,3445
242.46,463.3,3578
241.28,464.16,3037
217.62,463.28,1157
217.21,522.2,3728
216.35,462.85,2887
212.63,524.46,4172
210.95,519.88,3644
214.6,464.29,1598
211.24,467.36,1813
217.11,468.8,2837
240.46,461.5,2248
243.64,461.83,1226
216.6,469.66,1653
214.52,469.06,2870
244.17,464.67,3207
217.72,469.64,2953
216.33,516.54,4265
241.79,464.57,3173
217.79,468.19,1873
217.17,513.38,1634
216.97,463.79,1317
216.71,458.28,2329
217.63,469.9,1929
214.52,453.3,1754
243.35,469.8,3567
217.37,462.76,2466
214.75,456.97,3282
216.88,520.46,2330
239.64,463.44,2051
242.56,517.16,1471
212.31,522.15,1707
215.46,466.76,2766
215.6,517.54,4580
216.56,466.22,1909
238.12,463.22,3922
244.46,465.87,3495
212.19,467.69,2185
213.25,458.09,2686
214.6,463.24,2469
217.77,464.99,14172
212.39,465.0,1591
210.9,460.7,2858
215.12,464.31,1705
243.27,466.82,2199
210.95,463.56,4087
217.45,455.43,2468
240.56,465.99,1827
216.17,465.05,1652
217.7,465.52,2734
215.17,459.29,2683
213.23,451.93,3318
239.1,469.13,2918
215.71,469.68,2690
239.93,463.63,4385
236.72,501.14,2334
212.77,447.99,2142
243.84,463.73,1716
216.0,458.9,1577
244.74,461.55,3595
239.47,454.8,1989
212.7,465.58,1684
244.55,524.32,1620
217.12,523.92,2648
208.12,459.6,2775
208.79,518.8,1969
215.74,452.55,2580
244.97,524.6,3625
217.3,520.32,14568
216.02,466.57,4122
210.42,498.49,1787
217.23,463.33,2893
214.35,464.36,1771
215.88,520.35,3490
215.64,520.08,1876
217.11,467.19,3582
214.95,467.56,4752
217.2,469.26,2157
217.7,465.1,3821
242.57,455.78,2584
217.9,521.76,1651
215.84,454.18,3374
216.81,524.18,4384
215.35,509.38,2770
214.54,518.73,2894
212.08,469.75,2372
244.86,467.5,1836
214.95,469.94,1609
217.46,469.79,2322
244.77,457.52,4224
242.89,456.89,2359
243.23,522.01,3343
212.68,468.13,1590
217.4,466.34,4474
214.13,468.27,1797
244.2,464.3,1597
241.44,449.74,2010
216.09,504.27,1639
215.42,461.75,2342
244.21,524.03,2564
238.84,507.68,1797
211.91,523.05,3128
214.74,469.95,1849
215.02,462.98,1376
217.42,524.08,3688
216.07,524.19,2336
216.37,466.27,2985
244.72,519.94,2759
213.37,524.78,1525
238.52,468.45,3169
243.43,468.04,2632
210.94,463.63,2386
217.64,460.46,1250
216.1,517.85,1191
213.89,467.42,2864
240.52,464.82,2937
217.93,466.17,1588
217.84,466.89,3611
216.78,467.6,4061
214.87,469.22,2893
240.77,469.48,3471
214.26,458.83,3055
216.9,461.87,1557
238.64,464.58,1342
217.71,460.75,2508
214.34,468.43,1354
217.5,521.6,2041
241.84,524.26,3424
217.47,524.5,16494
213.12,462.03,3418
214.47,521.35,1728
217.57,460.17,3940
216.53,465.57,2024
214.44,523.7,2615
244.8,453.43,2295
217.9,502.06,2122
217.15,458.45,3840
242.16,465.32,16937
216.01,469.32,2696
215.7,466.16,1554
215.59,462.18,2088
211.2,511.45,1433
239.35,464.62,1341
216.88,523.94,1688
214.62,464.55,1932
217.84,464.2,2706
216.87,469.11,2795
216.77,524.22,3268
216.15,459.22,1480
214.24,458.06,2004
215.94,447.26,2192
210.85,467.9,2178
217.57,469.35,2184
216.55,448.41,2023
217.66,464.39,1439
217.19,463.99,2825
217.8,469.3,1955
216.14,469.75,3173
212.9,467.5,2031
217.43,515.72,2730
216.23,508.42,1878
213.42,502.2,2548
217.27,467.46,2059
215.77,457.98,1770
214.35,464.07,2104
215.69,469.34,2318
242.41,453.85,2997
214.97,468.54,3178
215.52,468.94,3060
217.32,464.77,3315
217.49,523.52,2395
244.57,519.06,1769
217.5,469.96,2456
243.67,468.95,2093
215.66,462.49,3138
215.95,467.54,1624
216.36,459.3,1842
215.0,465.19,2183
217.19,521.28,3070
216.8,459.09,1772
217.04,462.06,1615
239.9,458.3,2982
216.3,515.2,2091
216.14,461.94,2160
213.51,461.07,1863
212.4,466.7,2177
216.8,465.97,3874
243.06,467.49,1936
217.01,523.72,1290
216.19,458.62,2157
242.65,456.38,1747
216.53,465.25,3791
216.59,450.58,1530
244.55,463.79,2971
216.24,457.22,2413
241.86,458.45,2141
215.92,460.1,2141
217.49,468.57,3297
217.65,459.45,179430
241.44,467.8,3279
216.99,466.88,2527
212.79,454.15,2802
244.1,466.34,3666
214.81,460.93,2223
214.5,506.15,3742
214.64,456.83,3688
240.8,516.26,2868
217.07,457.44,1499
244.95,466.46,1962
217.76,462.81,4092
244.39,513.59,1555
244.79,466.2,2699
214.33,461.79,3318
215.69,467.27,2830
243.86,453.28,1357
211.53,467.55,2002
213.8,468.1,2377
215.49,523.08,4471
216.52,505.59,4414
216.0,466.79,3291
217.82,454.7,2719
217.59,469.89,2450
214.44,465.47,1586
217.7,456.55,1771
217.6,468.3,2705
241.24,466.53,3639
217.64,460.2,2787
216.02,517.18,4510
243.26,465.39,3389
216.62,509.41,1700
243.36,515.55,2340
214.78,469.99,2075
217.36,457.76,3296
216.1,468.07,2004
239.38,456.29,3025
216.8,451.54,3828
213.12,465.6,1853
210.9,456.53,1885
216.31,464.42,3734
214.77,447.75,1195
215.09,465.11,2480
242.29,462.46,1861
216.34,468.38,1746
217.43,460.04,2688
214.17,465.7,2828
216.89,469.36,1908
217.8,467.65,4145
217.59,520.38,2694
216.25,522.15,2685
241.05,461.71,1493
213.96,468.6,2221
217.7,468.77,1401
216.99,468.16,1439
215.39,465.59,3591
217.39,467.07,2246
215.68,514.67,2687
217.32,518.04,1547
240.47,517.12,1888
212.34,468.97,4765
217.75,522.63,3098
216.16,514.73,2182
244.23,464.87,2414
217.87,518.84,1971
241.91,455.23,1849
209.19,467.09,2092
216.44,462.93,2534
215.6,466.1,15286
214.85,464.03,2231
216.42,462.3,1110
216.48,469.4,1410
217.04,467.91,2380
244.56,454.74,3507
215.2,515.5,3026
216.88,469.57,3413
212.85,523.19,3026
243.25,521.88,2585
242.75,454.4,4437
240.69,460.98,1407
238.03,524.34,4585
217.93,465.45,1733
217.18,509.24,1785
217.73,464.99,4247
215.8,504.19,1126
215.49,464.2,2857
243.99,465.57,2038
244.63,465.3,1895
216.13,464.08,3328
241.73,461.43,1818
216.04,465.89,1836
215.39,524.4,2192
214.32,524.7,1568
215.3,466.77,1408
217.57,466.7,3347
217.11,467.29,2204
243.09,468.3,2382
216.99,521.37,3644
209.64,461.0,3324
214.38,520.25,4059
243.78,512.0,1465
237.92,469.7,4226
217.98,466.88,3208
241.17,469.7,1418
213.33,456.74,3329
217.61,450.95,2797
214.25,469.6,3196
217.05,462.27,1357
239.09,469.91,2431
215.85,458.83,2947
216.47,510.01,1452
216.62,467.69,2466
217.04,523.5,3936
217.2,456.4,3435
243.11,454.26,"(None, None)"
215.47,455.53,3447
214.65,455.35,1872
214.59,468.7,1060
215.88,465.65,1999
244.7,467.77,1370
217.12,468.47,4062
244.42,451.68,2793
244.04,523.62,3179
215.75,465.64,4321
213.78,465.23,3922
242.74,467.87,2494
212.47,466.91,1911
214.67,468.31,2267
216.63,457.7,1793
243.0,462.58,2451
211.06,461.65,1503
216.69,463.35,1742
217.34,455.81,1971
217.49,461.42,3772
217.05,456.7,2436
215.76,466.96,1886
210.22,521.43,2456
243.96,465.9,2848
214.03,468.16,2373
236.14,468.61,1790
216.43,463.15,2258
217.43,466.0,1550
212.71,457.18,1913
214.01,469.77,1881
215.37,513.42,1744
215.54,509.48,3198
244.1,467.28,1528
243.2,453.39,3130
213.81,468.45,3441
217.23,452.36,2435
213.43,466.03,2502
210.92,468.8,2582
217.4,467.97,1297
237.82,465.07,1852
239.68,466.7,3107
240.73,443.64,4001
242.65,460.96,9427
214.24,464.66,2248
242.28,515.9,2742
243.38,523.6,3924
215.9,523.7,2995
215.44,453.01,2568
215.88,454.8,2294
217.99,512.45,2231
217.85,464.18,1848
214.56,520.22,1691
243.3,462.82,2282
243.11,467.6,2101
215.62,460.21,4111
217.68,452.79,3228
241.72,466.86,2689
215.48,464.46,2372
213.59,468.1,2032
214.36,522.57,3655
217.18,463.11,1396
215.14,458.5,1913
212.06,469.11,1991
215.59,467.71,11726
216.88,468.66,2149
212.2,469.65,1638
242.8,459.88,2337
217.44,453.94,2556
217.52,465.82,2744
217.47,465.22,2038
243.16,464.7,1615
214.85,466.04,1491
216.89,462.51,1606
215.36,521.93,1890
239.21,453.47,2621
216.93,453.93,1165
216.99,461.83,3108
217.72,464.92,2835
217.67,468.96,3328
217.3,465.12,1986
213.83,516.51,2108
244.85,523.19,3460
244.17,464.01,3598
217.08,456.81,1399
217.08,514.73,3484
214.52,469.46,1654
211.48,454.0,2984
217.74,452.38,2134
216.16,511.27,1936
216.94,503.75,3726
212.56,515.97,2878
213.62,513.57,4369
240.18,524.43,2202
216.47,456.54,2061
210.69,469.95,4079
216.3,514.51,2282
243.55,524.48,3466
212.66,457.56,1940
217.47,466.4,2465
217.91,463.76,2415
217.69,467.21,6472
216.09,462.24,1936
241.52,521.96,2938
215.03,506.31,2743
216.21,520.98,3394
215.98,448.92,2225
243.88,452.49,3671
215.89,468.46,2896
216.26,459.23,1373
216.08,467.74,3830
214.86,454.59,1823
217.4,469.61,2183
242.73,507.49,2400
243.12,502.92,1438
241.15,464.55,1689
216.56,461.26,1725
217.75,450.53,1764
213.06,513.78,2190
216.4,462.38,2138
214.2,463.44,2427
238.81,465.0,3425
217.4,446.28,3418
215.73,455.91,4203
244.14,514.09,2754
216.1,448.02,1774
243.76,463.14,2288
214.27,468.93,2105
242.15,460.59,3421
212.32,524.45,5289
215.67,452.44,2742
215.1,522.8,3021
237.04,461.3,2337
217.69,517.92,2129
217.77,516.51,2768
209.64,463.86,2654
215.75,513.07,3036
217.91,464.7,1628
217.58,465.4,1745
217.97,463.7,1744
216.11,468.8,3174
217.68,463.3,1786
216.83,453.54,1810
216.81,467.8,1520
214.67,467.8,1231
215.81,468.47,1463
214.44,523.52,1794
215.64,468.15,1689
216.63,461.5,1398
240.7,469.2,3219
216.33,518.42,3971
213.94,521.99,3236
240.12,467.53,1087
243.15,465.78,2204
216.69,457.58,4063
217.96,443.63,2160
243.91,468.6,2181
215.95,466.18,2220
242.11,464.16,1960
216.44,460.9,2737
215.32,518.83,1558
217.68,510.8,1811
213.85,460.19,1769
217.12,452.68,1803
217.6,458.1,2407
244.03,518.76,1974
217.72,522.69,3137
213.93,462.94,10293
213.99,447.0,2614
215.67,458.3,13376
217.7,523.44,2385
215.73,468.32,2896
217.9,467.65,1671
216.13,521.23,1287
211.99,464.65,2302
215.08,467.0,1432
215.3,503.14,1498
213.67,523.82,3560
215.42,469.14,2371
217.6,467.5,1855
217.85,465.81,2610
213.6,524.52,4234
215.53,466.37,2193
215.72,450.67,4050
217.5,459.78,2078
239.52,466.3,1964
242.78,466.42,5303
217.2,454.48,2038
214.36,467.7,2870
244.62,465.59,2630
212.58,514.91,2426
216.91,463.11,2006
217.77,467.81,1746
215.94,524.21,2708
217.32,460.36,2034
217.53,518.91,3241
216.6,516.33,2251
215.48,522.39,2318
216.25,465.86,3422
213.79,469.98,2222
217.05,505.83,3259
217.36,523.06,1324
217.45,518.98,3517
210.98,463.13,3309
216.64,524.55,2862
216.06,502.44,1788
215.3,466.15,1602
216.26,466.12,1555
243.39,455.92,2179
216.3,463.46,2024
213.6,467.43,2006
242.0,466.86,1408
241.2,462.11,1471
217.87,520.44,2837
216.48,524.2,4273
217.77,469.19,2220
215.57,519.22,2946
243.01,464.73,1946
214.51,469.8,1684
217.4,461.36,2000
212.39,463.09,3127
217.56,462.8,3900
244.02,458.21,1853
217.0,466.42,1360
215.36,452.91,2211
215.37,458.64,1650
217.19,522.51,3568
216.96,523.09,1754
217.35,469.42,3554
215.7,458.26,1965
216.92,460.56,1912
214.05,467.03,2858
215.43,452.46,3586
213.31,457.37,1193
216.88,467.28,2257
244.04,463.0,3562
240.3,469.35,2503
217.59,469.25,2363
244.94,516.11,1244
215.49,465.63,1418
216.11,465.24,2796
215.96,468.76,2123
216.51,520.55,1739
215.71,467.64,4917
215.73,468.26,2727
208.41,452.71,3333
237.61,458.45,2425
213.96,469.34,1477
244.37,466.82,2976
216.35,520.46,4123
214.96,467.95,4046
234.11,464.54,2124
214.48,465.81,3033
216.7,506.21,2263
215.6,464.96,4634
213.9,465.41,4225
216.23,524.1,2380
215.51,450.94,3569
213.29,466.76,3417
217.92,457.97,1910
241.96,467.99,1836
217.98,460.64,2334
217.1,464.34,1729
215.73,468.22,1782
210.23,523.96,2429
212.94,509.09,3807
236.22,465.88,2284
216.14,469.83,3282
217.84,524.64,2796
212.1,465.94,3083
244.66,454.7,3404
216.8,452.19,2221
216.42,522.33,1444
213.33,458.16,1509
217.21,468.62,2100
215.95,520.58,1698
244.42,462.16,13394
214.81,521.42,6283
243.59,466.12,2393
217.06,450.14,2199
241.85,469.08,2008
216.45,468.74,3439
215.7,467.03,2648
243.69,467.09,1053
244.73,469.23,1775
243.79,465.98,3453
242.9,461.07,2245
217.55,458.95,2860
244.3,462.82,3601
216.62,469.51,2693
242.53,445.48,2913
214.77,457.41,2660
244.95,456.34,2615
214.35,519.95,1983
217.43,453.13,1645
239.31,464.07,2474
217.0,523.59,4481
216.07,461.2,2624
240.81,522.75,3314
216.94,464.08,1551
214.3,469.84,2135
244.17,464.43,3151
217.8,523.59,1808
240.17,464.72,1549
214.32,510.86,19585
210.09,452.93,1965
211.0,463.88,2361
215.41,466.5,2107
240.39,466.22,1770
216.64,464.7,3710
243.95,466.69,1912
241.0,447.42,3442
217.78,465.12,3892
242.7,462.02,2618
242.72,460.11,11814
213.81,462.92,2269
217.94,461.41,2146
212.81,464.43,3482
217.99,456.02,1687
217.4,465.2,2450
217.43,496.5,2324
217.7,459.69,4507
240.32,462.94,1739
216.72,464.83,2114
210.97,469.46,3814
237.0,466.41,2336
215.2,451.41,1931
215.02,461.86,3506
212.95,467.49,3744
244.91,469.65,3890
213.3,456.87,1495
214.49,522.04,2809
215.02,458.4,2085
244.3,464.5,2176
241.12,462.99,2177
244.71,465.02,2768
213.61,468.74,1980
216.48,463.0,3103
211.13,513.98,3082
217.57,467.98,3328
212.68,463.26,3683
215.82,463.94,4034
217.78,461.97,1952
212.51,462.14,1892
210.77,459.83,2964
217.55,464.87,2907
242.6,451.0,1712
217.85,461.25,3110
239.6,463.98,3967
216.5,446.64,17464
240.53,469.2,1766
216.86,448.48,1867
238.53,461.78,3028
213.04,464.0,2255
216.92,524.1,1702
241.1,468.19,2394
215.26,445.16,2640
242.38,459.84,1719
215.87,462.68,3259
217.19,467.02,1288
213.71,522.04,1982
216.41,469.59,14312
216.73,464.01,2086
211.83,468.0,2521
217.66,450.62,1348
216.9,504.4,2149
217.11,458.83,1738
213.75,452.17,2357
215.1,511.94,2029
213.89,469.67,3302
212.68,469.09,1900
216.74,463.62,1918
217.8,463.65,3005
215.22,469.61,3037
243.52,461.42,2246
215.97,469.88,2770
213.61,461.11,2390
243.88,459.55,3365
244.44,460.42,3259
217.86,467.65,1878
216.85,446.18,3673
215.36,519.87,1793
216.34,505.9,1699
217.72,465.06,2169
216.68,464.74,2454
217.21,524.3,2701
241.21,523.65,1328
215.73,464.0,3389
215.49,463.23,3386
210.74,522.05,"(None, None)"
242.12,523.76,1668
214.92,461.95,2283
217.22,519.14,2214
244.97,455.95,1341
216.1,468.38,2517
242.26,458.34,3684
216.43,464.1,2769
242.78,466.93,3832
211.0,469.44,2085
242.9,522.81,1303
239.0,461.16,2182
215.8,509.58,2770
212.56,461.54,3616
241.79,456.98,2574
214.83,459.63,2090
213.68,509.6,2290
217.57,466.92,1707
217.47,454.71,3298
215.42,523.89,2830
239.71,460.0,2540
216.99,466.48,1753
243.5,469.71,1691
216.0,457.32,1744
216.1,461.93,1797
216.52,512.17,3445
214.88,465.8,2086
217.07,468.48,3277
212.94,518.03,1966
215.42,464.86,1684
216.49,464.59,1747
216.62,463.62,4544
215.69,466.39,1721
217.76,466.45,1941
216.93,464.26,1441
240.09,452.13,2579
217.13,464.17,1736
215.28,456.6,3669
213.14,464.68,11858
244.61,468.7,4433
217.01,469.11,3374
217.95,467.65,1495
217.9,469.2,1873
209.93,462.6,1571
241.73,456.59,1453
216.1,463.19,1652
217.19,463.74,2764
217.78,509.3,1444
243.85,522.33,2826
217.92,469.7,4396
243.51,458.28,1365
209.06,469.56,3024
213.38,517.58,2348
213.27,461.99,2947
214.8,459.5,12475
243.0,468.5,3399
244.42,452.05,2659
217.98,468.38,1853
240.28,462.21,3671
244.02,522.42,3312
211.79,521.42,1878
217.63,451.19,3827
217.1,454.57,2618
217.66,454.94,3324
242.82,469.5,3438
243.85,469.69,4184
208.68,507.79,2907
215.5,469.53,1944
214.11,462.31,2439
217.94,468.7,1901
217.76,460.3,1954
217.03,457.89,1820
217.19,524.14,3935
216.3,462.3,3294
244.76,468.4,4485
215.77,523.71,1702
213.1,459.15,2221
215.69,522.68,4128
216.58,463.09,1724
243.63,458.95,2273
214.27,469.81,3064
217.98,461.78,2543
216.42,469.85,1635
214.26,464.12,3449
217.8,468.14,3694
217.02,510.65,4661
241.2,524.24,3295
213.16,465.13,2682
217.33,459.61,2243
216.79,517.89,1862
214.26,506.7,1522
214.73,467.5,1249
217.5,459.43,1144
244.99,469.61,2915
216.23,456.89,2166
241.94,466.32,1118
216.37,523.33,3084
215.04,522.02,1048
238.07,460.06,1927
217.57,458.37,1920
211.9,467.23,1458
216.82,469.34,2541
211.01,521.86,2074
214.81,524.92,2473
243.69,467.49,1666
216.7,524.67,11421
215.24,468.18,7350
217.82,467.79,1701
217.17,460.49,4484
212.58,523.2,2736
216.74,469.1,3634
242.78,457.97,2151
216.12,465.88,2551
212.57,464.06,3048
244.86,469.38,2603
216.87,460.49,3520
242.24,511.0,2473
217.4,467.2,1709
216.01,468.12,1473
216.23,466.2,1492
216.08,515.26,2368
216.33,468.98,1776
217.36,462.5,4407
217.8,469.4,2666
216.61,464.09,1470
216.1,469.58,1854
242.48,455.06,2392
215.09,468.95,4519
244.81,461.02,2537
214.54,468.86,1099
214.31,513.4,2473
213.21,460.17,1933
217.11,463.0,1420
212.21,466.21,3238
241.1,462.1,2493
217.36,510.11,2305
216.5,462.86,1979
216.14,469.5,1951
216.33,468.32,3166
244.46,460.89,2765
213.36,469.35,1850
217.2,506.78,4437
213.05,524.82,2266
235.07,516.7,12162
213.7,514.32,2680
243.55,455.18,2203
216.21,469.19,3020
217.6,466.63,2573
241.83,522.07,1932
212.16,469.38,1512
243.84,514.31,1965
240.44,524.33,2454
215.01,508.66,3505
244.6,523.2,3481
212.35,456.1,3642
212.72,524.45,4593
215.97,448.99,3905
236.14,469.1,2872
216.8,466.28,1688
213.4,451.33,2323
241.63,524.73,1968
215.85,451.2,1806
216.39,458.41,3334
216.09,463.39,2834
217.01,456.62,1642
215.38,463.4,2042
214.44,519.2,1678
241.03,469.48,1599
217.4,511.9,2079
216.52,515.41,2046
216.2,458.8,1924
242.77,462.09,2328
216.33,449.43,2317
214.54,459.46,5960
243.31,469.36,2212
243.12,451.98,3258
213.3,468.0,3443
217.56,518.06,3563
214.36,465.0,1992
217.21,469.67,1583
217.9,463.5,2394
243.93,521.19,1388
216.17,519.46,3104
241.55,519.95,2377
217.37,508.26,1776
213.3,517.17,3365
215.64,465.7,3228
217.18,464.94,2293
213.12,468.1,2039
213.54,455.5,1670
216.81,457.93,2884
243.87,466.38,1277
241.01,466.66,3396
217.03,469.87,1644
217.01,469.28,1946
217.31,515.89,2531
244.29,468.6,1999
243.18,462.94,2331
215.43,459.34,3782
217.3,463.9,4023
244.6,459.04,2645
217.73,515.23,2633
217.7,467.92,2097
217.19,519.92,4376
244.9,468.5,2256
214.74,521.79,1461
240.48,465.76,1427
240.73,520.4,2577
214.2,512.07,1947
238.8,459.64,3415
211.4,524.28,2135
213.39,509.95,2974
216.6,466.69,1796
214.93,455.83,3691
217.81,463.89,2826
210.75,466.49,3003
215.1,466.6,1798
241.29,520.74,1624
217.3,455.71,1754
214.34,448.56,4094
217.25,464.11,3688
216.08,462.72,3617
241.61,468.08,2156
217.4,524.15,3266
237.53,516.03,2449
244.56,467.2,1986
213.59,466.9,1656
214.81,467.52,1425
216.12,463.12,2976
243.94,451.81,2742
237.72,520.76,1468
214.76,468.09,2944
213.6,467.9,1892
244.89,517.47,2757
215.12,466.95,4279
217.03,456.44,5906
242.27,460.41,2719
217.8,466.55,1687
212.3,468.4,2962
242.29,457.8,2157
211.13,523.74,2268
240.92,457.39,3151
216.88,469.13,2020
217.61,468.31,2683
217.35,455.16,2349
214.57,461.9,2337
216.04,467.9,2004
215.94,468.56,1101
217.55,521.97,1532
216.37,468.59,1246
217.85,455.64,2543
217.61,519.65,1797
214.52,465.35,1571
241.38,458.5,1730
216.34,458.96,6525
239.08,469.83,2436
244.98,461.94,3863
213.2,460.86,1687
215.78,455.82,1727
212.88,517.78,2368
243.65,492.27,2368
215.74,456.58,2171
217.1,469.64,1904
214.52,524.49,3183
211.01,465.55,2426
244.22,519.03,9152
213.83,458.67,2445
215.59,504.2,2375
242.83,467.04,1404
244.26,469.64,24105
240.7,458.72,1208
240.41,458.77,1747
243.69,516.76,2394
217.36,460.1,2727
214.03,463.73,1907
216.15,468.39,1239
217.35,463.24,2280
243.38,524.47,2555
216.86,453.56,2534
242.72,524.26,2459
215.56,469.13,1393
213.34,452.27,2181
216.77,467.95,1342
216.73,459.02,1808
217.86,457.77,2918
216.41,468.07,3013
211.02,449.36,2916
242.85,454.29,2764
215.2,463.98,3940
210.88,467.36,2677
243.36,460.25,2679
243.98,455.68,1541
217.17,460.01,2870
217.89,464.8,1849
216.7,469.6,2630
217.35,521.38,1666
214.61,465.6,2056
217.41,504.31,3031
217.81,450.78,1392
244.78,468.0,1577
217.53,518.4,1521
216.78,469.32,2615
217.84,469.2,2706
216.16,460.65,2749
240.4,524.22,2914
209.01,459.3,4143
241.0,511.76,1931
216.98,515.45,1574
216.93,516.1,2164
216.45,521.29,3232
211.48,461.05,2210
215.32,469.0,2592
242.81,462.99,11456
213.16,468.2,2067
243.15,461.31,1677
215.46,466.05,1979
242.95,459.4,3424
216.3,456.52,1527
213.67,458.62,1466
217.76,469.8,2474
214.95,519.84,1883
216.87,514.1,1924
215.57,460.77,1320
212.8,463.7,2695
243.5,469.77,1828
242.89,469.8,2621
242.41,515.31,2001
216.95,462.53,1036
216.53,460.06,1940
244.0,459.5,2182
217.72,452.48,167280
217.7,516.53,3017
243.1,513.53,1446
217.78,464.85,1473
242.15,455.84,2229
216.1,468.92,2083
213.67,522.8,2817
244.24,518.42,1911
214.29,466.52,2266
217.99,454.82,2012
236.9,512.1,1413
217.75,514.33,3466
215.51,457.05,1450
244.4,463.66,3281
217.47,467.88,3086
216.35,466.62,1695
213.84,458.82,2325
234.52,462.19,2976
216.78,462.42,1571
242.12,466.51,2212
213.87,467.1,1744
217.25,459.29,1612
212.09,524.1,3411
213.06,461.62,4187
243.94,467.66,2152
215.56,469.48,3296
242.81,458.65,3138
215.96,522.1,2327
242.81,468.34,2549
211.79,506.36,1785
213.34,463.47,3548
216.24,464.08,1345
238.05,467.48,3470
243.73,515.88,2676
239.15,524.3,1692
216.31,466.3,2972
241.4,519.08,1470
214.13,468.35,2381
239.43,465.96,2842
244.86,455.61,1687
216.0,451.33,2189
217.1,513.94,2555
215.16,461.04,1970
211.18,513.01,1488
214.3,463.57,1849
243.05,461.48,2239
215.94,468.5,3021
217.34,465.76,2016
213.33,463.36,1496
243.95,524.07,1175
210.0,468.62,1402
215.15,468.8,2989
212.7,463.67,2227
216.39,462.99,3700
215.81,457.27,2673
217.71,469.75,2570
216.94,469.04,1480
216.14,468.03,2143
217.78,464.2,2163
217.26,468.91,3011
217.07,508.07,2691
244.5,452.13,1694
244.36,516.32,3395
213.54,510.76,2188
211.42,459.8,1817
217.6,467.08,3036
213.27,460.82,1963
216.99,466.01,2153
212.41,467.99,2759
215.81,454.91,4443
217.73,458.11,2651
217.5,466.59,1127
215.87,516.56,2026
217.5,458.6,1849
241.23,523.82,1116
217.32,461.3,1659
214.59,469.55,2542
217.21,465.63,3256
208.8,465.29,2631
217.05,466.6,4242
217.28,462.42,2468
216.47,469.6,1593
217.81,465.66,3081
216.56,461.06,2419
217.15,460.98,2901
239.34,464.7,1754
215.87,464.02,2400
215.42,465.2,1792
243.08,520.33,1388
215.76,467.9,3376
215.6,522.84,1581
217.41,469.45,2785
244.62,469.75,3751
216.63,456.48,2337
213.69,518.05,1411
215.63,465.41,2583
217.02,464.8,2064
212.01,467.17,2714
238.64,516.2,1445
241.84,445.93,2388
217.54,467.68,2636
214.67,464.82,3116
217.6,469.46,1685
217.99,519.47,1861
216.15,469.2,5644
216.75,468.74,1409
244.4,514.49,2998
213.33,465.19,2958
243.94,507.01,2678
213.31,453.64,2376
215.69,504.27,1752
216.64,462.11,2635
214.2,455.88,1392
216.21,516.96,1505
240.91,466.37,4441
214.35,468.66,1718
242.35,524.2,3514
216.29,461.6,2624
217.2,454.96,2363
244.3,453.37,1720
217.8,461.04,3372
215.26,464.92,1067
240.34,467.58,2242
213.68,463.51,1917
243.26,465.72,1872
216.84,520.6,2478
217.47,453.87,3107
217.89,519.9,1431
217.04,456.28,5744
215.2,517.32,3018
216.01,460.26,1543
244.88,466.9,1451
242.14,462.96,1467
243.78,465.89,1437
214.4,462.3,1555
239.48,464.33,2853
213.9,506.3,1639
217.92,468.36,1429
211.69,524.73,2466
217.26,463.54,2441
243.54,465.44,1594
217.23,468.4,2777
212.54,448.04,3236
216.01,524.1,3069
215.58,464.9,3082
243.2,466.46,2378
215.94,462.2,2042
217.5,459.52,2592
217.75,467.89,2340
215.51,466.24,2846
236.14,468.83,2799
214.39,466.8,3173
211.68,515.5,3678
215.87,461.99,1676
215.94,465.85,2213
236.63,469.47,2299
216.3,460.44,1979
215.97,503.23,3451
212.27,466.28,2577
243.36,461.27,191223
244.55,464.23,3569
239.89,468.75,4266
244.85,459.93,2111
217.96,523.5,2213
216.95,524.93,1823
235.38,523.67,1661
217.51,460.48,3578
217.29,523.68,3326
213.58,460.16,2004
216.9,465.94,2734
208.6,454.37,2570
216.88,466.07,3313
217.81,521.97,3284
213.69,465.46,2762
214.5,468.5,1614
215.27,457.97,1449
216.16,468.5,3663
217.06,462.99,4051
217.06,461.05,1137
215.88,458.88,3061
209.18,461.88,1495
217.24,466.36,3861
215.15,466.21,1429
216.09,465.5,1805
213.38,464.7,1581
216.85,460.67,3539
217.22,467.3,1539
213.22,466.62,4293
217.07,458.92,3263
217.47,461.79,2373
217.88,457.73,2708
215.0,461.45,1712
215.16,465.64,1928
213.98,469.57,1262
238.57,461.98,1820
214.34,446.25,1932
215.65,462.67,1974
244.96,450.82,2518
214.13,468.12,1924
242.23,458.12,3091
213.06,467.63,2811
216.32,458.8,1700
244.18,466.22,2842
217.15,448.28,3125
217.28,467.17,3174
244.4,465.11,2560
215.14,467.4,2821
241.66,519.19,3599
217.94,506.03,2449
242.1,520.81,2791
217.93,456.79,2346
215.39,515.82,2159
244.9,523.71,3331
215.1,468.17,4444
239.92,467.2,2758
213.14,467.97,4054
212.45,464.16,4439
215.24,468.29,4163
216.8,468.18,1791
210.56,467.07,1354
214.42,468.48,2620
208.45,465.44,2096
215.4,465.11,2951
214.67,468.61,3325
212.76,510.0,2816
214.47,519.07,2004
242.78,514.18,1809
217.39,520.97,3024
215.26,459.02,4406
216.2,461.26,1795
215.15,455.45,2316
217.55,455.2,3282
216.13,468.98,3695
244.94,469.47,3868
215.31,524.5,2875
215.14,458.7,2602
217.01,524.53,2465
217.66,455.91,2280
211.94,512.23,2870
216.01,463.94,2657
217.3,467.58,2493
213.38,459.05,1914
239.96,454.46,4506
243.7,523.8,1854
212.56,469.82,1784
216.52,506.07,6737
216.43,511.42,2570
214.32,469.55,2547
217.81,457.94,2360
244.5,469.86,1415
244.01,521.98,1296
242.71,450.97,2629
212.85,523.36,1868
241.31,517.25,2537
217.61,468.28,3311
214.92,458.9,1767
217.55,467.1,3060
238.0,465.57,4520
243.97,459.0,1502
216.3,521.71,2341
217.42,465.98,1610
244.5,454.99,2228
210.82,467.18,2317
215.74,524.9,967
216.31,464.96,1649
213.93,462.12,1622
244.78,457.39,2469
215.07,524.64,5876
217.96,462.72,1366
212.23,468.01,3072
239.22,469.0,3389
215.85,515.48,1939
215.93,464.4,1488
237.6,513.33,2679
210.33,464.1,2689
217.4,463.31,4585
214.11,469.6,3146
216.5,522.53,3595
238.18,461.9,2107
216.49,512.62,1913
210.18,456.33,1446
214.46,522.24,1490
215.45,456.21,1894
211.52,466.63,2336
241.95,454.97,1279
212.23,463.9,1661
217.42,469.11,4379
242.94,456.05,1765
244.79,508.36,4148
214.24,522.54,2015
244.55,521.78,1983
243.84,467.62,1535
214.72,469.9,1882
215.55,524.65,2862
217.33,464.24,1763
244.48,456.76,4196
216.66,469.8,2079
215.68,467.36,2399
216.82,464.8,2197
217.88,521.84,3753
216.83,457.43,5921
212.97,465.37,3108
217.23,457.12,2244
243.53,467.3,2658
244.66,520.38,1634
241.44,469.61,2342
216.57,468.82,2302
214.97,468.04,2817
217.25,521.54,4011
244.82,524.3,1093
241.91,462.1,2116
213.04,523.07,2380
243.96,469.17,1806
243.32,457.14,3239
209.77,468.22,1728
233.37,468.91,1707
239.73,465.46,2070
217.81,457.38,1406
214.77,521.37,1835
211.17,514.85,1834
214.95,456.25,1468
216.18,450.43,3695
215.6,511.27,2572
215.38,464.9,2195
217.8,469.04,1191
215.54,469.68,2467
217.83,453.62,1768
215.28,514.31,2476
214.34,469.85,3415
244.56,456.8,2253
216.8,467.69,3529
210.51,463.3,1390
238.38,524.41,2193
217.67,463.24,2558
235.48,464.8,1659
216.47,458.65,2488
217.88,462.81,2349
214.73,466.1,2352
217.42,462.0,2828
217.62,467.58,2674
241.99,465.92,2889
244.3,524.6,3544
242.35,463.83,1936
238.39,463.12,1518
217.84,518.02,2537
217.49,468.99,2704
211.19,469.63,1724
243.26,462.51,3085
215.99,469.6,1584
243.78,466.28,3034
235.33,521.64,3680
217.68,469.2,1787
216.2,465.98,2422
213.79,464.8,3172
215.4,509.32,2308
214.38,519.69,1983
217.5,520.9,1417
216.23,467.98,3483
216.48,461.46,3657
215.82,469.3,3739
215.73,454.49,2995
216.08,523.92,3534
213.41,469.9,2969
212.33,466.02,2014
213.4,524.7,1262
217.51,509.36,3643
232.61,515.93,3489
213.58,462.3,3352
213.28,468.64,2280
213.71,514.06,2589
214.66,452.27,2669
216.99,465.8,1976
217.24,468.84,4630
214.52,463.26,1954
216.23,520.8,2305
215.74,523.02,1934
215.86,469.76,16503
244.8,462.24,1712
244.66,462.19,3100
217.47,466.93,4384
209.5,457.33,2570
217.65,463.76,1744
216.0,465.46,1608
243.92,465.53,2341
244.99,466.96,1764
210.53,453.07,3012
215.37,523.4,1625
217.48,461.97,3464
212.8,468.55,2270
243.61,465.59,3423
214.91,461.61,1816
215.27,467.06,2932
216.51,519.34,1689
211.24,504.41,4072
217.44,466.2,2148
217.95,466.2,3279
239.31,468.16,1707
211.2,518.97,1812
217.83,523.24,4479
216.8,459.99,1949
216.02,461.2,1993
214.83,523.77,1247
214.22,458.48,3500
216.72,464.7,2597
217.0,521.51,2259
213.41,451.57,4472
240.5,466.29,1877
237.12,469.98,3872
217.1,522.86,2374
243.09,465.0,3146
217.63,502.54,3938
217.49,522.3,2021
217.42,458.62,3575
216.74,466.36,3211
213.45,465.68,1373
214.16,462.05,2868
217.97,450.23,2482
217.6,455.06,2387
217.62,501.53,1374
217.99,522.99,2793
243.43,464.97,2951
213.11,517.81,3337
217.3,467.12,2566
215.58,523.45,2716
217.35,449.49,4109
242.08,467.23,2314
216.76,468.76,3043
213.8,467.3,2177
217.54,519.74,3780
212.87,457.3,2132
215.62,524.05,2406
243.89,469.1,1261
217.1,461.38,2228
217.66,454.02,3148
216.1,517.98,2525
243.77,518.77,1754
216.14,466.96,2350
215.0,508.4,1748
217.04,464.92,1494
216.21,464.32,1697
214.39,463.53,2802
212.9,469.86,2353
243.89,469.06,2002
217.29,460.22,108240
217.87,467.57,1543
211.68,462.26,2024
215.76,464.23,2326
242.79,516.4,3268
216.76,462.52,1970
242.79,453.88,1199
240.67,466.76,2616
217.67,505.23,2760
215.28,463.67,2345
217.82,468.29,1695
216.16,456.81,4176
217.26,457.82,3405
216.71,464.55,2484
216.8,466.18,1992
244.23,516.35,1409
217.8,461.87,2823
213.93,462.32,2653
215.89,459.22,3534
215.49,522.58,1796
215.56,458.0,1913
216.96,468.6,1839
214.47,463.59,1524
215.53,444.0,3876
216.64,452.79,1857
239.65,522.81,2801
217.13,464.34,2658
211.49,517.07,2170
214.31,464.69,1130
214.43,462.23,1712
236.41,520.53,2000
217.13,462.81,3241
212.18,458.7,2740
212.13,469.55,3022
217.36,465.3,4580
242.97,455.94,2700
216.82,455.9,5755
211.97,453.46,2237
244.8,523.95,1391
217.39,509.02,1785
243.31,518.45,1911
244.72,457.72,3380
241.81,522.95,3864
217.62,524.68,1721
217.77,516.38,3313
208.92,513.0,1588
216.03,522.13,2021
215.9,457.99,2213
244.81,504.58,3847
217.25,518.51,3613
244.63,464.2,1752
243.42,468.91,1793
214.6,450.36,4466
244.5,461.53,2511
217.21,469.59,3272
217.16,455.08,3028
216.11,449.46,"(None, None)"
216.72,463.59,1354
216.38,465.22,2694
213.52,464.4,3184
215.2,456.68,1591
239.65,458.0,3180
216.97,462.08,3700
217.23,467.51,3482
214.83,523.35,1828
243.59,521.05,2003
217.53,468.73,3421
216.59,467.37,3509
215.38,465.6,2026
215.32,524.13,4052
214.25,462.6,3430
216.06,464.59,1588
244.33,458.56,2993
214.48,463.51,2051
217.79,465.45,2236
215.31,462.99,3496
213.74,469.01,4377
215.5,523.92,1811
217.41,517.5,2615
217.28,469.6,1631
216.51,511.23,1328
217.37,503.48,2823
217.66,469.49,1938
216.09,469.12,3564
215.52,524.49,3495
216.17,468.03,1201
217.57,452.54,2243
215.0,469.38,1910
217.7,462.92,2365
215.0,465.39,2599
217.21,519.02,2358
216.63,463.81,2874
214.19,456.91,2335
215.02,458.97,"(None, None)"
244.04,519.78,3267
217.0,508.49,2294
215.59,461.19,2365
214.2,515.96,3413
215.04,523.68,2533
217.3,469.7,3313
243.56,506.8,4120
217.94,466.1,2454
214.14,463.57,1572
217.04,456.36,1708
217.04,460.67,3123
217.41,451.13,1970
243.16,516.39,2387
215.76,512.53,1562
213.57,520.45,2598
244.67,465.53,2686
216.16,510.93,3899
212.49,461.49,3350
217.56,519.67,2147
217.46,460.3,2521
217.82,457.15,1677
217.28,464.34,3171
242.1,511.98,1969
244.88,467.85,3044
240.59,469.44,2760
212.35,469.4,4153
215.28,469.54,2766
214.08,464.89,2032
243.59,464.6,4340
244.45,460.75,3174
217.33,460.09,2805
217.77,511.95,1874
243.44,469.84,1632
216.5,449.55,1983
214.46,519.41,3857
211.87,466.21,2158
242.06,457.8,1815
241.73,463.75,2371
216.35,463.82,3635
213.28,469.3,9498
214.35,465.84,1926
213.9,515.55,2490
244.62,466.73,1726
214.09,466.67,2812
244.64,512.96,2035
217.6,461.78,3373
212.94,467.36,3645
214.95,469.8,2424
217.04,516.9,2734
215.43,461.18,2452
216.16,459.54,1354
215.47,467.77,2147
214.8,469.75,2204
217.68,464.27,3208
215.71,459.08,2773
216.57,469.17,1150
214.64,461.24,1921
243.53,466.25,2393
214.72,463.99,1486
217.77,459.81,3122
215.68,461.56,1627
216.71,452.65,3402
217.85,468.8,2008
214.51,458.97,3149
217.2,456.42,2201
217.86,523.0,2027
214.24,522.11,2699
217.23,458.18,2162
215.88,466.47,3428
244.64,511.91,3215
214.72,524.36,1373
217.16,459.8,1121
213.34,467.12,1791
240.04,520.4,1823
216.71,463.82,4517
214.12,469.1,122760
215.48,458.92,3029
241.25,468.73,2068
211.64,467.95,3286
217.29,453.87,3133
217.09,462.78,1731
215.74,523.46,1771
216.39,461.27,1965
217.85,462.8,3091
215.81,468.04,2660
244.89,460.57,1936
217.23,509.02,1650
238.97,524.3,2379
217.13,467.01,3115
217.23,469.96,2875
216.71,459.22,2274
214.14,517.96,1810
241.23,520.81,1977
216.8,455.51,1958
242.69,465.5,2936
213.03,458.9,1803
214.95,457.98,2184
217.76,524.79,1829
244.83,465.78,2237
215.53,463.88,2291
213.96,447.72,2580
214.19,462.15,2080
215.12,514.7,2175
214.28,462.76,2001
217.65,469.33,1642
215.35,465.47,1381
243.29,469.31,2298
244.5,524.32,2780
216.15,462.47,3317
217.04,466.43,1170
217.83,523.87,2149
216.21,466.24,2655
214.69,520.42,2701
217.06,465.0,3593
210.48,459.97,2422
216.95,455.32,1624
217.84,513.43,1312
216.05,514.9,2241
241.97,467.33,3620
243.8,466.7,1869
216.36,468.41,1841
216.35,465.7,3815
242.93,520.73,3507
217.84,524.15,1415
242.13,469.13,2813
215.42,465.1,8970
212.27,463.0,2156
240.22,511.69,3387
217.53,460.0,2750
217.5,467.15,2158
217.08,463.39,3624
214.57,520.53,1637
240.04,460.21,2046
215.29,454.66,1687
217.86,519.78,1829
212.03,462.73,3828
243.87,460.76,2026
214.05,465.82,2341
216.23,463.64,2442
210.3,461.4,3360
214.18,461.54,1091
215.31,521.72,1548
217.3,461.92,2676
214.5,459.12,2379
241.39,465.2,1549
215.56,457.32,1913
213.04,523.73,2399
239.49,467.49,1900
217.92,459.97,2084
242.34,469.56,1986
216.25,467.4,1895
216.71,465.97,3399
217.2,521.67,1115
210.46,468.58,2127
216.19,457.48,2071
215.29,499.52,1237
244.26,448.64,2530
238.56,464.34,2222
241.3,467.97,2148
217.7,515.92,2533
241.95,455.28,2483
215.91,466.67,2099
215.25,463.24,2764
216.14,458.5,1467
217.26,469.0,3266
239.7,463.01,1814
216.9,464.6,1616
217.2,522.88,1288
216.18,468.03,1329
240.87,512.62,7344
216.43,465.35,3908
216.5,465.17,1657
211.34,463.74,1503
241.97,469.58,3102
217.25,524.42,2699
216.95,523.12,14310
217.63,464.05,3574
216.72,465.24,3792
217.37,461.9,1596
242.92,524.78,3531
236.99,454.79,1347
216.81,463.5,1926
213.21,524.88,3001
214.8,460.01,4588
241.56,504.29,1906
215.98,469.91,2151
214.52,464.98,1190
217.86,519.07,1637
214.87,463.93,3379
214.93,468.73,3902
244.2,469.41,3686
212.68,523.26,1199
215.0,459.38,2376
217.3,459.02,1820
213.52,466.15,1967
213.97,459.59,2557
217.85,462.95,1438
240.87,469.08,2129
212.82,455.24,3403
216.2,458.79,3238
217.3,469.36,1195
215.07,466.03,1572
217.56,455.57,3332
215.61,456.83,4520
237.41,469.5,1937
217.87,467.11,1222
211.23,452.97,2662
213.53,465.32,3912
213.33,462.24,1454
242.63,469.36,2761
244.56,466.6,1216
213.86,467.35,2860
239.68,462.64,4461
215.08,465.3,2700
244.29,460.85,3095
213.12,468.75,1813
230.46,468.41,1504
214.27,515.06,3226
217.91,458.03,3252
213.66,453.15,2578
213.65,463.13,3481
216.47,467.36,4200
239.95,458.31,1741
244.7,464.56,2223
215.43,450.96,2109
217.57,520.31,2497
237.31,516.45,2308
215.0,462.69,2664
215.58,460.9,1941
213.3,464.48,2138
214.35,451.57,2536
215.94,518.91,2060
217.9,468.6,2808
243.19,447.64,2668
212.98,468.87,1614
234.38,461.35,1419
215.82,465.36,2475
238.63,463.48,2724
241.79,468.9,2181
216.28,463.49,2225
215.78,468.14,1652
217.12,466.82,2303
217.29,466.87,10936
234.23,456.19,1210
217.6,469.7,1785
217.5,524.82,1944
213.18,469.11,1809
216.41,469.82,23833
216.58,457.92,1852
243.93,465.27,2765
217.1,524.02,1513
214.93,458.19,2255
215.7,460.67,2012
214.19,452.43,2941
215.39,510.32,1529
216.3,464.79,2400
244.66,516.26,3864
215.6,456.76,1320
241.62,463.53,1111
214.54,510.61,2483
216.31,468.4,2027
215.59,467.27,3870
213.69,458.72,1100
217.23,465.51,2596
213.56,507.57,1783
217.05,469.92,2108
211.86,459.8,3425
214.69,457.64,4136
216.96,457.85,2780
217.85,463.66,3787
211.49,524.13,1378
217.99,469.48,1991
214.4,516.4,100260
217.07,467.88,2114
214.44,458.81,4127
214.06,462.66,2067
243.43,467.88,1467
244.58,465.98,2358
214.97,467.81,2971
215.59,463.02,2942
213.67,462.71,1872
213.54,522.54,2997
216.35,522.96,3413
238.13,522.26,1638
217.69,466.15,3736
243.22,463.67,1983
217.32,462.44,2121
217.1,465.94,1593
217.6,464.79,4018
210.43,465.5,1931
216.53,468.0,3288
213.85,468.83,2912
216.4,465.24,1583
217.82,464.92,2027
216.1,465.33,1593
216.99,452.59,3880
239.88,467.16,3493
214.67,457.68,1789
217.2,518.19,1891
215.45,462.21,2027
217.75,523.43,2452
214.62,504.66,2340
214.32,462.41,2026
216.21,520.82,1895
243.95,452.13,1568
217.6,464.58,2513
215.85,458.26,3419
217.73,467.18,3056
213.78,468.5,2919
216.74,465.1,2127
214.8,458.19,2086
216.63,463.0,2002
214.37,463.04,1962
243.58,465.28,3049
241.0,468.5,2327
215.56,469.5,3597
212.44,514.02,2216
213.61,464.85,3454
216.01,463.1,2017
217.64,463.77,1830
217.85,466.06,3456
214.4,455.68,1266
217.57,521.57,1459
216.84,448.28,2200
243.36,462.39,1610
216.61,515.5,4292
216.4,523.41,1611
212.1,460.73,1575
212.9,464.12,1763
244.46,457.69,2139
213.6,458.89,4185
213.99,515.18,2010
216.09,514.65,1308
244.39,519.85,1846
217.05,510.18,3408
217.62,467.35,2502
217.78,466.8,1232
244.66,454.36,3324
215.91,462.42,1998
214.95,469.57,1423
213.37,464.83,2223
244.36,468.3,2644
242.66,456.37,1825
216.83,469.85,3260
214.66,455.69,2639
215.12,460.7,4170
212.79,519.13,2294
241.76,468.4,2525
216.65,465.92,3680
212.69,466.8,2735
217.19,455.98,3361
216.87,466.01,3259
216.19,522.53,1767
217.77,467.82,2645
213.51,450.76,2940
215.68,462.38,2973
216.66,453.23,4530
214.61,460.97,1331
214.7,465.03,1366
217.74,459.7,2342
217.26,467.38,16501
216.46,469.77,1846
214.46,464.68,1663
216.3,460.88,1549
215.61,524.5,9467
217.5,522.32,2896
209.2,453.02,1921
213.3,464.6,3979
217.56,465.55,3082
216.07,513.65,3204
240.64,468.2,2904
216.08,465.06,4683
212.9,462.53,3194
213.11,468.01,4414
217.84,467.52,1612
214.43,508.82,2481
215.2,508.74,4128
216.71,468.15,2981
211.8,449.0,10941
243.04,449.43,2069
217.36,524.63,1290
213.34,452.84,3073
210.0,505.82,1650
217.37,453.93,1927
217.7,467.24,3660
216.75,467.02,2762
244.97,463.42,3271
216.52,462.22,2239
216.21,523.95,1394
217.49,458.09,2958
216.88,467.6,3135
244.19,524.49,2057
244.77,515.92,2286
214.5,458.07,2213
216.43,523.16,1668
217.57,464.97,3793
215.64,459.25,3108
216.08,455.44,2002
244.24,464.32,3013
242.74,518.98,1501
214.13,462.4,2499
215.75,454.66,1613
215.8,468.46,1750
244.9,465.31,2015
216.73,469.9,2654
217.81,467.46,3028
212.71,466.82,1378
244.73,459.41,4121
217.42,522.09,1382
213.54,458.25,2018
216.13,460.0,1921
244.17,463.04,2950
242.96,521.29,1610
216.97,459.52,2663
216.58,518.75,1539
243.72,462.0,1916
213.27,459.66,2204
243.27,516.81,1772
244.16,463.18,2298
214.74,465.2,1761
216.96,455.87,2792
244.18,464.27,1201
217.93,454.82,1265
244.25,469.9,3360
216.51,454.98,2774
213.95,467.71,4282
217.06,453.79,3110
215.71,468.45,2494
216.9,517.04,3164
242.48,464.25,3664
217.67,458.34,2338
213.8,512.49,2513
217.31,465.98,4135
216.26,462.4,2294
217.48,464.1,3213
213.47,458.44,2528
243.89,467.87,3275
244.7,520.95,3625
217.7,463.48,2368
215.1,464.39,2174
217.94,461.72,1417
216.32,468.53,3263
216.64,524.91,1712
215.49,447.18,1814
238.09,461.03,3140
214.58,521.53,2509
213.84,510.83,2759
216.21,458.93,2004
211.48,467.0,3054
216.13,464.43,1326
216.12,463.34,1684
210.55,465.35,1895
216.26,468.03,1797
213.62,452.88,2477
217.97,468.67,2130
216.92,467.6,1818
212.15,510.14,2731
217.91,465.81,1785
214.87,522.34,2361
214.26,467.47,1599
216.95,451.84,2413
216.43,523.97,3069
214.56,466.49,2484
217.64,514.41,2019
217.15,456.4,1396
215.15,521.42,2511
214.66,461.17,2103
244.26,463.38,3759
214.85,460.93,2487
214.97,461.54,2796
215.81,468.9,2290
217.41,463.98,2377
216.25,519.28,3782
213.01,517.84,2071
214.39,467.04,3788
215.91,510.56,2448
216.12,522.32,1671
216.71,465.65,2719
217.4,523.34,2623
217.17,514.4,2337
216.45,519.29,2516
216.51,458.18,2045
242.13,456.95,2388
216.26,467.03,3052
215.2,524.17,2056
214.67,461.6,1852
216.66,463.1,3110
215.82,468.78,1842
217.73,465.34,2253
216.8,466.84,1637
216.42,463.94,2555
217.4,506.81,1412
244.72,518.32,1992
217.2,458.4,2336
216.98,458.83,3241
217.63,522.46,4522
215.76,468.27,3198
217.08,463.84,10475
213.49,455.71,4501
214.58,461.41,2225
216.65,447.59,1974
217.31,455.79,1993
217.52,461.88,2117
215.83,463.06,2009
215.2,459.7,3091
243.03,469.56,1681
211.49,463.95,1789
241.54,465.11,1989
208.81,455.84,3987
241.23,469.68,1721
217.66,461.8,1708
217.79,464.08,3895
243.99,521.69,2352
244.98,519.89,2219
215.15,518.22,3476
244.15,509.06,2971
212.01,466.72,3090
242.61,465.2,2350
217.09,449.55,2174
244.9,521.6,1620
213.63,468.38,1799
214.6,467.67,4092
216.6,460.56,1366
214.4,452.61,2932
211.1,465.88,3890
214.13,468.59,2386
215.65,463.2,2896
217.42,461.55,2491
212.59,517.97,2338
213.34,456.27,3036
214.37,517.55,2633
217.38,463.6,1634
216.04,512.13,4225
217.53,519.11,1565
217.92,469.82,2375
214.63,461.27,1501
243.13,469.14,1426
242.7,466.17,3504
243.14,459.05,3527
216.59,469.47,3206
244.21,522.14,2208
241.6,462.0,4544
210.11,463.85,2595
243.88,469.57,3491
217.69,464.2,2021
217.61,469.7,3550
217.53,462.58,3412
206.96,466.8,2289
217.86,463.38,2056
243.34,453.84,4061
209.52,461.08,1705
213.47,468.17,1301
217.8,515.82,2879
215.66,449.24,2926
216.73,465.42,4097
216.68,510.21,1924
216.74,524.76,2111
217.6,511.39,2795
244.17,466.7,1830
243.07,448.7,1795
244.66,453.27,3394
217.46,463.17,4153
216.63,460.28,1964
216.94,520.15,1839
217.14,465.76,3927
211.14,520.65,2564
216.6,514.03,4116
210.47,466.74,3736
242.67,523.73,2288
217.71,514.0,3691
244.89,465.79,1488
217.71,468.4,1888
213.31,522.26,1379
244.85,468.07,1718
216.58,460.09,1533
214.12,458.49,2883
216.23,464.61,1638
215.34,524.4,3563
217.39,461.5,3268
212.55,459.77,2916
216.84,451.14,1545
242.98,467.52,2944
244.49,456.21,4532
217.52,458.39,1424
242.84,463.0,3550
216.95,461.1,1599
216.0,460.52,3392
216.98,463.73,2060
217.94,464.07,1874
216.68,456.11,3876
244.9,465.66,1700
217.58,461.5,1669
217.89,457.01,1410
216.56,467.8,1073
217.2,462.65,1996
215.8,517.92,2272
217.12,463.57,2997
244.97,460.66,2658
217.69,450.07,2184
214.24,468.07,2938
243.79,455.8,3697
242.43,466.71,2056
211.0,455.12,1699
242.41,522.09,1735
217.77,451.83,10028
214.24,466.29,3324
215.2,514.62,3534
211.49,469.03,3441
215.08,469.3,1965
216.62,467.14,3354
216.66,457.53,2176
213.65,467.16,1275
216.4,522.52,1925
215.63,463.77,2472
214.76,467.88,1774
216.51,458.24,3211
212.98,469.89,3714
215.02,460.35,3584
216.58,508.85,2508
244.12,524.8,2575
216.71,517.2,2042
216.55,468.18,2592
242.74,468.3,1474
209.91,458.73,2383
237.84,463.65,2747
216.55,465.35,1419
212.12,460.62,2879
217.42,468.05,3613
217.75,467.03,1712
239.05,523.18,2873
211.7,468.2,1447
214.73,462.64,1912
217.91,462.13,2609
216.75,469.65,2015
217.77,461.78,1930
244.86,467.47,2223
244.42,513.79,2061
216.63,464.94,3973
243.25,523.59,1387
216.4,468.51,4637
217.6,464.2,2143
217.08,469.52,3520
215.72,522.52,1569
216.11,469.2,2178
217.3,462.92,7592
216.14,519.33,4356
216.22,457.36,2506
213.4,466.92,3924
244.42,464.7,2304
243.93,463.01,4692
216.15,462.6,1777
216.21,521.45,2726
242.71,459.07,4052
229.11,461.92,2761
217.31,465.21,1419
214.39,464.12,1584
216.39,524.0,3094
242.36,468.06,1768
217.31,467.12,2392
216.73,460.68,1999
217.11,450.79,1828
216.88,454.62,2649
217.8,468.4,3665
239.02,515.05,2735
210.75,467.35,1913
242.94,463.7,3958
217.58,464.7,3451
217.37,522.95,1245
229.04,467.43,1685
217.7,468.02,1931
215.56,469.83,2633
217.52,522.49,2430
214.81,523.88,2259
242.86,465.76,2621
236.28,463.37,2384
216.2,464.53,12873
215.99,460.72,6180
237.3,457.84,2548
238.74,510.29,1318
215.6,462.3,2547
215.73,464.87,2073
217.74,466.1,2723
216.08,469.59,1380
216.81,522.44,1485
217.47,465.64,3006
215.51,523.9,2708
215.68,463.9,2280
216.04,522.82,2378
217.76,462.16,1723
213.32,511.67,2277
241.1,469.21,1945
216.93,466.79,3078
217.35,469.5,4061
211.85,462.26,1451
216.74,515.11,1760
216.39,464.47,1264
216.59,519.86,1728
216.4,520.34,2865
216.14,521.33,3322
216.64,523.97,2212
242.25,452.64,3446
217.63,468.6,2085
217.01,523.85,1330
244.57,519.14,2348
216.12,464.53,1973
239.05,518.49,2176
217.79,440.67,2365
214.21,458.63,3257
211.52,465.47,3395
213.15,466.53,2940
214.97,523.79,3517
210.3,464.3,1808
214.65,462.75,2069
240.07,461.64,13363
217.69,523.93,3388
244.65,523.8,5400
217.04,459.62,1949
214.18,459.4,1898
217.66,469.07,2363
244.98,469.05,3338
212.17,467.76,1760
244.16,511.85,2715
217.91,469.51,2282
217.36,459.1,1604
242.32,456.68,2877
215.47,455.73,1764
207.14,463.85,3972
212.95,464.28,3315
217.28,468.28,2244
217.37,456.88,2835
217.32,467.6,2932
243.2,468.5,1331
244.53,507.26,1501
235.34,463.25,2107
216.48,523.77,3263
217.79,466.61,1962
243.5,513.97,3213
214.79,467.33,3077
216.93,522.96,2173
215.44,469.59,2179
212.98,467.8,1486
217.75,468.84,3973
216.6,455.53,1242
215.28,458.22,1777
216.61,517.84,2635
217.74,524.15,1837
215.65,466.83,2033
217.43,468.15,2239
215.71,468.57,1479
214.82,460.34,1976
217.57,463.01,2256
215.49,459.4,2928
243.48,465.32,3373
217.69,469.67,2614
217.84,469.5,1841
244.36,467.29,2111
215.84,524.6,2260
215.49,467.11,2174
242.6,464.51,2641
215.92,458.39,2735
217.01,452.01,3571
217.75,453.28,3043
217.59,463.04,1965
215.38,521.22,2839
211.35,465.8,2321
217.3,461.95,2387
215.27,467.4,14171
217.86,519.26,1844
217.11,450.36,2467
216.66,469.8,3191
217.7,524.3,2672
244.09,467.49,3268
215.8,461.78,2056
213.93,456.56,4185
215.83,465.39,2741
215.01,466.8,2093
214.29,466.15,1512
241.14,513.61,2399
217.45,459.45,1432
215.95,454.01,1400
241.75,462.6,1809
217.45,508.33,1472
216.75,516.2,1973
216.7,466.23,2203
237.22,465.71,1782
244.93,448.45,3396
217.37,457.6,2600
216.96,520.23,2031
217.96,466.05,2115
212.98,505.92,2523
211.76,463.35,2127
215.63,469.4,1823
214.68,467.85,2624
243.67,463.6,2757
214.63,524.62,1562
216.29,468.2,2194
214.72,467.83,2403
244.91,467.68,3285
213.99,458.36,2180
244.95,465.6,1796
217.33,462.0,6326
215.81,467.6,5915
242.46,502.22,1912
213.52,464.85,1283
217.04,469.43,1431
214.09,461.38,3620
216.76,467.4,3324
236.92,519.99,2223
216.8,467.29,3327
244.83,463.37,3049
216.38,466.03,1304
214.9,458.21,2886
215.63,466.07,4067
210.44,519.91,2437
241.5,458.96,2454
243.54,523.76,2725
212.82,453.37,4676
242.09,469.05,2316
216.77,520.97,2905
244.09,463.3,2879
240.01,467.31,4471
241.26,467.66,2006
243.02,521.54,2949
214.24,467.61,1896
244.21,456.98,2102
216.73,448.83,2830
216.55,520.71,4686
215.42,463.1,2006
214.57,453.49,2568
217.6,509.91,2066
217.96,459.03,1189
240.77,462.04,1992
217.7,515.83,3805
239.94,502.92,1643
241.8,464.27,2476
211.97,465.03,2645
211.63,454.67,1682
244.55,462.55,2922
244.88,520.29,1521
214.1,512.33,2176
217.69,517.58,1105
215.47,465.49,2103
213.54,469.5,4329
217.03,464.9,1681
217.3,464.68,1957
213.02,452.1,1637
215.16,455.41,1941
215.99,466.6,3147
217.41,520.2,4476
217.54,468.71,2292
216.2,464.33,3676
216.21,459.08,1927
214.16,460.08,1340
217.78,513.66,5400
242.67,505.01,1865
217.96,468.92,2230
217.32,517.65,1888
215.57,464.32,4508
210.77,465.55,3552
214.63,456.89,1245
215.6,459.5,3538
217.64,469.1,2499
209.71,466.84,1420
217.21,465.67,2248
216.05,521.96,2973
213.73,520.72,2582
216.29,469.71,3257
243.1,515.48,3186
217.27,468.3,3606
217.54,466.26,1866
217.42,458.19,2535
213.54,457.7,2162
216.37,451.14,1655
212.19,458.14,4443
216.36,517.06,1885
217.62,522.64,8631
214.79,454.86,1898
215.36,449.23,3325
215.43,467.42,3466
240.66,508.41,1148
214.76,468.2,1826
244.35,467.9,3393
215.38,461.09,3593
217.61,461.89,2061
217.41,466.34,1931
217.56,468.8,4073
215.6,520.96,4703
217.43,507.78,2841
217.61,465.75,3101
217.96,516.17,3354
215.96,460.11,1827
213.28,514.65,1651
235.18,514.85,6613
244.53,522.38,1175
216.47,458.6,4082
216.4,467.7,3591
244.2,469.89,2980
244.28,523.32,2423
237.05,462.38,2299
211.33,511.61,2901
239.87,468.4,3605
241.82,441.28,2940
239.65,467.78,1393
217.9,451.41,1681
239.83,517.0,4817
217.46,464.04,1570
217.68,467.26,3238
210.07,466.93,3663
216.6,465.82,4373
213.71,465.09,2663
216.3,516.32,1722
244.35,467.8,6614
216.99,524.44,3185
213.72,452.49,2025
240.63,458.3,2607
217.92,458.2,2196
243.96,467.39,2037
215.21,458.53,1844
212.55,461.38,1390
243.96,469.13,2647
217.03,519.76,2341
217.77,500.68,1858
217.18,458.51,4321
214.63,469.3,3397
217.59,451.78,1536
213.38,463.22,1661
240.77,465.03,2373
217.84,456.74,1699
242.95,453.71,2358
243.4,519.99,1218
215.57,466.05,2331
215.15,459.2,3552
215.27,469.91,1349
214.96,469.3,3786
239.04,522.38,2795
215.57,465.5,193920
215.23,518.83,3102
217.07,520.74,4022
215.31,521.96,1317
214.39,468.23,2743
244.15,461.52,3231
217.38,510.25,1940
217.46,461.29,1962
214.72,507.21,1517
240.68,510.54,1269
217.15,462.75,1438
243.87,464.56,1412
216.81,450.15,1968
214.83,466.32,2016
217.63,463.61,3717
216.99,463.95,3257
213.24,456.04,1769
217.23,452.31,2316
211.0,464.2,2272
243.05,468.27,4142
215.63,467.54,2059
243.14,469.84,1888
212.04,461.42,1813
243.45,457.5,1993
244.76,469.68,1624
214.81,518.51,2544
214.65,455.8,1881
211.8,467.73,2213
217.81,468.12,1902
241.83,463.13,2984
217.06,464.15,2009
215.78,469.4,3197
217.9,468.28,2053
217.45,510.15,2581
215.61,456.49,1681
217.51,462.67,1553
214.63,463.2,1549
217.24,462.59,3518
212.73,520.97,2382
216.7,519.51,3393
217.6,462.93,2182
216.8,468.59,1753
217.02,469.4,4110
240.31,455.2,4493
211.16,457.03,1402
216.73,514.3,2042
241.9,468.9,2259
215.91,458.12,2754
216.82,466.4,2711
212.09,466.1,2871
217.59,453.24,3333
214.8,468.24,2810
217.83,506.53,1538
242.2,518.5,2147
212.6,464.01,3592
216.66,524.18,1582
243.85,461.02,2052
240.8,466.77,3394
216.17,451.5,4168
213.99,457.74,3292
212.91,468.7,2573
212.94,469.33,2589
217.2,460.49,2416
240.6,524.58,1826
216.56,468.4,8022
213.02,522.84,3498
244.32,512.08,3218
217.77,463.0,2981
212.99,463.79,3059
215.35,469.0,1440
217.4,466.88,2799
243.03,463.97,1917
217.75,456.32,2901
242.4,450.5,3996
217.51,466.8,1705
217.1,466.4,2986
214.46,462.98,2202
215.28,469.2,2016
240.63,468.2,3916
216.72,469.65,1848
208.24,468.99,2604
215.21,462.93,3444
217.94,524.1,2376
216.6,464.64,1643
217.67,455.41,3197
239.31,464.33,2000
217.2,460.11,4312
216.13,464.67,1333
214.32,463.28,1630
238.89,456.9,4244
216.95,465.09,9309
215.84,458.73,3377
214.88,524.69,4318
214.26,524.08,2327
217.69,456.32,4020
217.55,460.18,1766
214.49,460.49,3139
241.18,453.95,2403
215.07,516.25,2667
214.13,459.28,3054
212.32,521.47,1542
217.1,450.09,1826
210.13,516.86,1782
217.42,469.72,3424
216.92,466.39,1982
217.68,455.92,1327
243.85,463.31,1901
241.15,467.16,3368
241.61,462.85,1748
217.13,462.77,2962
216.0,465.87,2062
241.19,523.53,2149
215.88,468.22,1951
216.66,467.68,2202
216.29,466.27,2226
214.58,511.84,3220
216.17,522.59,1960
217.8,456.81,1548
214.23,466.18,1288
215.05,457.69,2224
210.26,469.6,2186
215.3,464.55,2930
217.3,515.03,2536
217.7,518.6,2377
216.7,522.57,4138
212.25,466.28,3542
216.98,464.96,3574
214.4,460.28,2217
216.83,462.24,"(None, None)"
242.79,457.53,3198
216.38,462.32,2181
213.04,469.99,3967
214.69,468.1,2072
242.77,456.6,1918
211.6,469.0,1707
237.24,460.21,3594
213.39,466.49,2098
217.62,467.65,2737
216.05,465.27,3469
216.38,521.01,3080
215.08,523.67,14309
215.18,514.65,1950
216.83,465.82,2352
215.9,457.68,3109
244.17,466.99,2070
217.37,460.73,2281
214.52,512.02,1924
216.15,518.2,1988
210.92,513.16,3309
242.03,524.05,2123
217.3,469.6,2267
216.04,466.91,3671
216.09,459.87,2511
212.37,461.63,3733
213.89,447.61,1866
217.49,457.56,2290
214.43,466.83,2835
243.7,466.38,3320
217.84,465.73,2456
217.33,448.98,2836
217.34,461.44,3514
217.36,466.59,2604
215.43,465.78,987
240.47,462.57,1796
214.75,459.81,3145
210.18,465.61,2673
215.67,448.37,2784
216.24,522.98,4402
217.68,463.41,3232
241.36,461.72,2255
243.01,458.07,1674
243.29,465.1,2996
243.09,455.08,1828
216.03,463.08,1997
210.32,521.42,1606
217.18,462.76,1869
212.14,524.13,2040
215.67,460.58,2549
214.62,464.3,1918
217.94,457.05,1462
217.3,468.85,3828
238.24,467.03,3047
215.37,451.65,1732
215.72,452.36,3952
215.69,460.2,1879
211.42,467.82,8020
217.01,460.24,2010
212.94,465.41,1759
213.25,521.34,2595
211.23,458.57,2003
215.51,456.13,2031
216.88,468.38,3213
215.07,452.49,1909
239.6,523.17,1760
217.2,469.89,1638
213.87,523.81,1899
213.02,465.07,3557
215.68,469.62,2414
217.98,512.76,2693
216.2,452.72,2378
211.21,464.8,1595
216.88,466.3,3573
214.17,464.37,1641
217.87,462.08,3492
217.73,516.06,1932
214.27,458.57,1340
217.65,465.53,1530
217.7,517.22,4577
216.04,501.29,1689
214.8,461.69,1945
238.11,468.79,1182
217.92,464.8,2247
241.63,469.45,3335
215.09,465.77,1833
243.69,459.1,3833
238.06,458.15,1789
215.13,457.69,1372
214.59,507.21,3348
217.1,469.71,2919
214.69,519.1,1934
217.84,469.87,1638
217.1,519.88,1532
217.71,465.42,1350
208.81,463.96,2751
211.59,510.12,2288
214.38,460.16,4112
217.75,451.98,2664
241.63,457.32,2882
217.98,522.01,1684
217.67,464.83,7925
238.6,466.57,3190
243.36,468.79,1638
215.94,521.43,2169
217.35,453.51,1931
215.29,516.82,1502
215.17,468.6,1722
214.13,522.93,3451
215.53,469.51,1875
216.91,469.17,2346
240.84,465.3,2385
216.99,467.64,1990
215.9,460.15,1497
209.05,461.57,3414
217.53,519.0,2295
242.67,520.0,1343
215.88,466.6,1414
217.65,469.42,1611
213.21,469.64,1816
217.98,523.72,1263
211.36,522.99,2647
236.93,465.83,3622
217.36,521.15,3023
217.17,458.26,1200
211.84,466.75,3654
216.53,519.53,2225
216.77,465.9,1971
213.96,459.28,2581
210.86,465.87,3423
211.95,509.83,219525
244.74,460.86,4518
213.91,463.46,3920
244.47,463.71,2831
217.33,464.75,2521
217.42,469.58,3089
244.99,509.45,3354
213.89,469.94,1431
240.33,466.42,2686
216.6,462.55,4541
217.42,453.96,1918
215.28,522.58,3177
243.5,468.6,2109
244.8,460.1,2754
214.37,469.27,1295
215.44,467.48,1898
240.07,521.23,2875
215.75,457.0,2188
215.32,468.88,1418
242.33,464.91,2795
216.7,458.95,4115
244.53,516.0,1865
215.5,521.8,2135
215.71,467.94,3893
214.88,467.46,1636
217.9,468.07,1917
215.64,469.49,3096
216.37,467.26,1266
216.9,466.99,2420
210.36,453.56,3038
213.59,466.8,1644
217.39,506.2,1893
244.59,468.6,3557
215.24,467.42,2278
243.1,458.82,3267
216.48,466.45,1981
216.5,466.56,3135
216.78,453.06,3383
217.81,467.88,1182
216.62,466.23,2346
216.69,452.93,2450
215.83,467.0,2106
214.39,460.36,1496
217.31,524.02,1468
209.83,457.93,2110
216.7,520.98,3145
216.88,524.45,2323
212.88,523.93,2546
217.33,458.46,1546
240.53,460.31,5165
212.43,465.9,2717
216.63,515.74,2386
207.83,469.13,1304
214.46,517.62,2987
213.15,519.83,3409
217.78,519.75,1890
216.84,467.52,1560
215.9,463.84,2016
214.34,466.86,1503
214.01,465.36,3609
216.53,465.82,2674
214.57,467.55,1725
214.85,451.69,4321
217.63,469.58,2133
215.98,461.46,3170
217.99,464.9,1884
217.58,458.33,1641
217.58,523.83,2809
211.9,461.48,4357
217.54,467.51,1586
212.97,453.52,3584
213.64,516.0,2120
217.92,464.21,3103
213.4,463.38,2213
216.6,524.91,4558
210.74,464.24,3134
241.4,461.15,2676
217.68,468.18,1771
213.78,468.9,1493
240.42,456.37,2679
243.34,468.45,1212
216.18,465.77,2930
212.77,469.9,2120
216.99,501.84,2505
216.65,460.63,1993
210.27,469.99,1656
243.79,463.57,2292
216.7,462.69,3379
244.05,460.69,1932
241.41,463.92,2829
216.77,461.95,1986
214.24,458.75,1842
242.27,457.4,1882
216.19,462.5,2608
216.47,469.56,1559
216.6,465.62,2456
214.55,466.13,2627
216.83,459.85,2492
215.84,503.26,4661
214.38,457.62,3318
244.98,522.57,1996
215.21,509.52,1535
243.82,469.6,3895
217.91,450.99,2415
213.92,465.97,1700
217.61,468.88,3137
217.14,524.21,2397
216.55,521.68,2794
237.85,454.66,2353
212.65,468.46,1534
216.71,517.38,2212
241.01,467.6,2273
240.9,464.88,1469
239.37,459.25,1849
244.92,446.81,3728
214.42,464.14,2474
212.71,455.11,2729
242.47,469.82,2622
244.94,523.65,3513
217.6,467.36,2027
216.81,520.08,2968
213.83,456.43,3578
238.58,464.79,3020
217.74,517.3,3774
209.13,460.93,2071
217.53,464.86,3588
214.97,459.43,2036
207.8,465.4,4357
213.46,466.54,3784
216.26,523.3,2026
217.37,459.72,1502
215.06,460.97,3784
217.84,468.5,2202
216.87,461.94,1366
216.35,469.14,2591
210.8,463.91,1823
243.93,518.72,2103
217.26,465.38,3437
217.38,461.18,1453
216.96,457.49,3463
241.6,463.45,2060
216.48,521.14,2059
216.37,522.16,3278
217.85,519.82,5841
240.46,467.33,2517
215.08,465.43,1477
216.62,524.78,1639
214.05,469.04,1302
243.99,468.0,1763
217.57,518.0,3507
216.69,451.59,3097
235.25,459.57,2475
215.7,508.8,3227
214.89,522.3,2061
212.36,511.84,4021
213.56,446.69,3360
216.05,466.83,2023
217.91,468.28,1586
217.8,466.17,2566
217.11,466.37,2245
211.1,464.61,1968
240.25,520.72,4045
213.76,466.66,4418
214.7,522.19,1839
217.03,459.38,4035
217.77,469.98,1457
216.29,468.2,2236
213.56,461.14,3666
211.24,509.43,3441
240.6,469.69,2348
214.39,456.25,1337
214.55,509.89,1641
214.18,461.92,1280
213.56,466.24,3984
213.6,447.66,2043
217.61,457.76,2086
217.48,457.42,1972
214.39,464.2,2300
240.25,462.61,2119
214.76,464.43,3124
217.77,468.88,2069
214.88,464.63,3481
217.46,469.41,3271
215.89,468.35,1584
208.89,464.14,1789
238.28,469.41,3102
242.32,467.16,3038
241.25,523.12,3105
216.13,466.57,2263
214.6,524.54,11560
216.41,457.16,2941
215.02,514.69,3517
241.03,458.32,1712
216.97,461.48,3158
214.11,518.96,2128
211.76,457.3,1638
210.82,524.62,1847
242.1,513.72,1066
217.38,517.66,1769
214.47,466.3,1829
235.3,467.0,3738
216.33,468.75,3015
237.15,469.37,2448
244.35,517.7,3662
217.95,456.69,2293
217.58,524.27,1588
211.58,457.46,2524
244.9,468.66,2962
217.8,468.79,2845
217.12,468.09,2568
239.8,468.71,1141
217.41,467.13,2951
209.18,459.5,3455
217.97,460.0,2029
239.83,464.36,3237
214.82,515.94,1371
217.38,523.66,2596
242.75,457.04,4247
239.22,468.83,3061
217.22,518.0,4281
212.42,469.62,6652
217.03,467.2,2372
216.85,459.8,2678
244.67,468.59,1899
216.98,469.28,1780
213.42,463.45,3003
216.6,462.78,2256
244.36,520.03,2726
212.98,464.98,2416
215.74,455.3,1977
242.37,464.66,4119
211.7,515.57,2607
215.12,461.8,2687
216.87,456.47,3571
242.25,456.85,1734
217.82,463.62,3134
217.88,466.2,1347
216.29,465.83,1891
214.94,459.86,1965
210.06,518.38,1727
217.51,453.91,3170
211.76,515.32,2378
217.64,460.71,3087
212.24,523.69,2162
216.65,461.42,3443
237.77,464.3,1816
215.68,514.09,3727
210.96,508.51,3559
213.3,522.56,1934
217.56,461.88,1860
243.48,465.9,3106
216.9,467.31,4186
215.6,461.6,1758
244.49,460.91,2362
215.37,519.91,2521
211.81,463.24,3422
217.84,516.6,2099
242.58,455.28,2053
214.73,457.69,1518
216.3,524.64,1647
215.57,517.5,3026
216.81,465.78,2115
216.4,455.01,3118
216.02,458.55,1923
243.38,465.05,2493
242.28,466.06,3396
215.66,455.77,11918
211.83,458.3,3764
244.7,466.51,1557
212.95,468.27,1484
207.79,454.03,1629
216.26,512.1,3258
214.09,521.85,3391
242.54,459.73,2336
217.35,453.5,3183
216.22,505.4,1501
216.0,468.31,4434
242.21,513.43,2802
239.68,466.6,2575
217.3,463.84,1684
217.01,467.84,3281
213.99,465.4,2728
215.66,457.7,1656
216.68,452.55,1654
215.12,465.7,2074
213.71,457.18,2377
215.21,466.3,1707
216.17,463.53,2715
242.84,519.7,4368
244.64,465.91,3441
244.41,464.1,2878
214.39,464.6,2987
215.92,467.54,3466
242.77,463.41,3425
212.69,468.97,2937
217.57,465.4,2141
212.3,463.26,2110
217.54,466.28,5850
216.44,462.11,2202
217.95,467.84,3016
244.86,459.3,3324
211.19,514.53,1177
217.67,463.32,3437
216.15,458.06,3025
215.19,457.41,1236
217.91,461.52,4253
244.85,465.97,3284
244.5,467.95,1328
215.91,522.34,2040
241.62,509.25,2625
217.8,468.7,4230
216.2,463.57,1778
216.71,512.43,3376
217.73,518.1,1600
216.51,520.74,2127
217.61,462.65,2670
240.62,468.43,1628
215.95,459.13,2452
244.79,468.2,4621
215.29,463.42,1725
217.97,453.15,3475
213.53,451.49,2892
216.4,467.41,1419
217.57,516.8,1285
216.83,464.79,6198
215.43,524.1,3903
240.21,459.63,2120
217.11,457.44,3962
217.89,508.83,12016
217.8,457.77,3776
214.27,461.2,2012
217.57,457.5,2892
210.46,468.02,3483
240.63,467.5,1091
217.45,463.15,2080
217.74,507.58,2586
214.13,467.15,4638
216.85,455.44,3422
216.21,520.42,1880
217.57,463.17,1692
244.05,524.5,4452
216.87,523.95,2615
217.08,463.03,3269
217.54,523.14,2350
213.6,512.73,1611
217.95,469.7,1688
213.29,524.66,1740
214.29,468.8,3422
217.82,463.52,158760
243.6,461.21,3002
215.31,460.49,2986
216.95,457.8,3087
244.29,456.84,3652
210.12,463.65,1652
217.04,457.73,1985
215.77,464.33,2679
211.36,466.9,1478
236.12,467.17,1646
217.63,469.16,3032
216.88,460.18,1978
214.24,466.97,1677
244.35,521.21,1624
217.64,463.28,2839
240.72,520.55,4050
211.74,459.31,2468
213.91,521.33,2657
216.12,460.0,1660
215.0,468.5,1808
242.95,462.54,1908
214.91,453.21,2177
213.7,457.64,2663
217.52,464.97,2577
215.69,466.07,3197
217.5,463.57,1737
214.71,468.97,1737
238.4,450.62,2797
213.14,460.31,3254
216.62,467.71,2112
244.78,459.63,1698
217.63,465.61,1730
216.23,466.53,4241
217.22,467.85,1947
213.05,468.91,1539
215.34,462.01,1790
243.01,518.65,1747
214.57,505.13,1326
217.88,469.43,1940
217.59,469.46,3752
208.93,464.57,1123
213.8,457.56,2808
215.27,461.57,2005
215.44,468.47,1766
241.5,467.65,3416
216.9,469.4,3783
242.12,461.74,2852
216.5,518.3,2408
217.94,456.32,1516
216.42,524.47,2289
216.62,510.7,3089
215.07,510.09,2833
244.73,459.12,3380
216.2,462.96,3445
243.31,515.26,2371
216.97,460.62,2235
214.22,467.51,2571
216.96,469.12,3108
216.47,456.1,1865
214.93,465.92,2443
212.88,467.29,1805
216.74,469.5,3615
212.02,463.51,3291
239.12,469.7,1526
216.38,460.58,3946
214.8,465.4,3198
216.65,459.44,2322
242.79,468.72,2466
216.62,466.02,2595
217.34,454.44,1753
216.18,461.1,1990
216.88,451.48,2346
244.01,463.82,2677
214.76,461.8,1846
243.53,466.95,1647
217.77,516.2,2779
217.55,523.89,3981
210.34,464.65,2714
215.18,514.43,2328
216.78,461.46,1661
213.68,455.18,2109
217.67,455.61,1543
244.88,459.18,1326
217.34,501.5,2872
215.52,464.91,2157
212.59,469.53,2098
215.2,460.1,2774
217.66,468.06,3307
212.94,518.99,1551
244.28,469.26,2873
212.93,462.88,1661
215.79,467.14,3261
217.01,458.64,1614
217.08,466.2,3780
216.1,521.42,1467
215.18,468.5,1615
212.45,448.96,2508
216.24,454.98,1752
243.15,454.72,1832
216.25,452.03,2661
217.6,469.63,1801
217.02,523.92,2349
217.38,468.88,2131
217.71,463.2,1811
213.97,515.02,3290
215.29,513.79,2227
215.4,467.19,2565
217.79,469.57,1789
215.33,520.23,1810
217.85,469.05,2755
215.72,516.63,2456
211.57,522.58,3276
238.83,524.52,1785
239.56,458.5,3999
217.51,464.4,1382
244.1,466.2,2680
217.23,465.7,2012
217.82,517.68,1823
215.78,466.4,1687
212.29,461.86,2073
239.95,517.11,1784
242.58,463.01,1685
244.41,465.9,3665
244.0,519.65,4246
215.28,464.46,3204
215.82,465.25,2597
213.7,466.06,3398
215.78,466.7,1644
238.71,468.5,3450
214.43,454.37,1834
215.39,522.15,2184
244.05,523.65,3068
217.46,458.08,1443
217.25,465.91,4060
233.23,463.31,1790
216.18,462.36,4098
241.85,520.3,4142
216.39,469.95,3172
209.08,469.9,1331
216.73,460.02,1998
215.56,519.84,3212
241.62,522.38,1221
216.24,464.06,3070
217.49,468.44,3405
241.82,513.13,2835
215.93,467.1,1463
244.96,469.74,2031
211.8,453.71,1646
216.88,459.7,2001
217.62,455.65,1342
216.41,507.26,1923
215.17,457.86,4467
216.82,469.4,1394
214.42,519.56,2424
216.6,469.09,3671
217.02,524.82,1882
217.94,468.43,3556
242.29,518.24,2810
217.92,467.3,3906
216.52,460.46,2565
217.2,520.3,1182
217.8,458.01,2282
217.04,513.63,2419
238.02,524.17,3994
217.0,468.0,4584
217.46,455.0,2932
237.41,469.53,1906
244.9,457.65,2808
215.28,522.63,6812
215.27,468.98,1829
241.61,469.86,2778
244.9,454.03,1945
244.46,467.88,3976
243.82,508.28,1428
216.97,466.31,2793
217.34,468.46,1776
216.97,457.02,3541
216.06,465.5,2844
213.51,457.51,2118
238.29,469.94,2200
237.4,516.92,2442
216.33,462.2,1810
243.94,469.29,4716
212.91,516.25,2002
214.87,520.71,1617
216.02,454.14,2358
242.1,458.74,3205
244.7,462.18,2432
244.98,466.2,2016
214.35,468.11,3661
240.58,461.4,1537
217.18,522.64,2422
230.72,465.89,2289
244.44,458.71,1645
244.46,462.56,1261
217.11,517.4,2014
215.3,463.79,2175
216.0,517.69,3154
240.88,467.62,6218
217.09,465.75,2869
210.93,461.71,1996
211.89,519.18,1770
214.1,469.7,2413
216.58,464.81,4628
244.32,511.86,4558
216.92,453.37,2982
216.64,465.8,1736
213.29,517.4,1941
213.31,466.62,1335
236.35,511.4,2034
244.78,460.47,3450
214.14,523.54,16494
244.2,456.77,2704
215.39,514.96,1445
212.54,463.54,2085
213.99,499.78,1908
217.9,464.12,2130
217.4,465.9,1990
217.17,524.86,1738
216.21,524.03,1965
216.45,458.98,3400
244.4,462.19,1741
216.33,467.77,1792
213.5,460.98,2299
216.56,509.55,1176
244.55,469.9,"(None, None)"
238.2,461.2,2018
216.54,469.05,1490
212.86,468.53,3186
243.57,524.1,2140
215.66,514.47,2645
217.12,457.5,2123
217.57,523.33,1915
215.99,519.69,3146
213.9,517.46,2873
217.53,468.4,1508
212.57,456.69,1351
216.65,460.75,2520
244.67,461.95,1283
212.75,467.63,1735
217.58,465.41,1860
217.21,460.49,1855
233.79,516.77,10948
214.45,469.5,2620
217.63,466.11,3394
213.2,466.2,1301
217.98,469.1,1175
216.37,521.15,5400
213.66,462.62,2257
217.66,457.65,2387
216.74,468.37,2323
243.07,456.39,2608
216.74,465.05,2522
217.06,457.12,1631
214.3,465.0,2061
216.19,464.85,1457
216.99,468.85,1780
239.73,521.83,3065
240.0,456.68,1518
217.6,521.86,2203
214.78,463.28,2767
216.87,469.48,3847
238.85,461.69,1431
214.53,459.64,3102
241.7,467.8,3388
217.64,464.56,3615
216.47,464.49,9244
212.63,461.69,4572
214.44,513.12,2151
215.71,469.02,1634
240.67,451.26,3427
210.77,462.86,3129
240.34,513.47,4131
216.0,468.67,1645
217.02,523.48,1266
214.6,468.33,3369
217.13,457.5,2875
217.71,463.95,1264
215.59,458.97,2176
240.86,460.0,1752
216.18,513.96,2298
216.0,456.29,2731
213.81,459.24,1507
216.71,458.86,2407
216.38,459.47,4226
243.96,466.24,2056
215.82,466.0,2543
215.91,466.39,4493
216.44,455.84,1985
215.18,463.21,2605
212.69,469.89,3408
235.1,456.53,2730
213.73,501.64,1846
207.37,513.84,1912
244.64,469.19,1678
216.54,501.26,1670
244.85,519.28,3595
214.89,465.03,2058
217.86,461.82,3250
217.17,459.7,2980
212.27,514.22,2446
241.15,469.92,2326
212.93,510.03,2862
211.05,461.23,3481
244.96,456.25,2687
236.18,455.04,4101
215.22,516.09,2258
216.27,507.14,1535
243.54,468.12,1904
214.64,512.53,2796
214.4,504.76,4365
215.74,463.63,1866
211.66,461.2,2519
215.78,524.56,3923
212.85,469.39,3543
207.34,466.33,3414
217.61,469.23,2162
217.44,519.16,1836
212.28,524.9,2084
214.59,500.27,2236
217.31,468.9,2171
210.58,461.74,2460
242.08,456.66,3814
217.17,513.37,2333
215.35,516.07,1826
217.1,514.8,12623
243.38,520.89,1748
240.79,466.62,2672
217.43,458.9,1251
241.98,523.32,1384
211.64,519.28,4027
216.5,468.79,2150
212.84,466.64,1411
213.33,456.38,1979
217.29,510.53,2260
217.54,523.68,3130
236.65,461.89,1281
212.75,469.9,2352
217.74,462.65,3022
215.4,522.5,1681
217.4,467.8,1242
217.7,466.76,4438
239.79,468.29,2967
214.0,466.3,2363
213.16,468.17,2258
216.83,523.51,2417
243.57,502.62,3024
217.24,465.79,3843
215.62,452.42,2544
244.41,466.6,3935
217.8,453.68,1727
214.75,468.05,2571
238.79,460.79,4064
213.63,464.45,2329
240.11,467.32,1635
217.61,462.63,203640
217.9,459.25,3579
212.57,456.96,2942
217.73,459.27,3255
217.35,453.39,1948
216.48,524.14,2462
216.21,462.82,3794
213.68,507.4,2379
216.51,453.96,2074
243.12,520.5,1864
214.43,469.84,2301
215.26,465.4,1475
209.89,463.74,1718
217.54,469.38,2896
217.61,466.93,3738
242.11,460.78,3908
237.38,469.56,2208
244.35,469.84,3249
212.46,465.45,3440
217.92,515.11,1844
216.51,468.74,1955
237.73,460.3,3215
208.86,461.57,3331
214.0,449.6,1506
243.68,463.02,3713
241.54,466.95,2329
215.21,464.07,3469
217.29,460.34,2908
242.44,460.4,1877
244.7,461.87,3020
214.81,524.79,3024
216.34,465.44,3026
242.31,462.49,2329
243.79,459.71,2183
217.43,464.63,1852
217.46,459.75,2065
217.17,464.04,2849
242.96,466.51,1902
216.14,524.33,3156
215.28,509.71,1535
217.61,466.31,3212
217.5,467.88,2181
244.2,469.33,2679
242.3,468.08,3845
243.36,453.42,1500
217.05,520.88,2461
244.1,492.19,3524
211.09,464.3,3352
216.44,467.39,1699
217.6,516.24,3218
213.53,506.54,2305
235.22,452.37,1670
217.91,453.92,1874
242.29,463.89,1851
217.57,460.02,1894
216.82,456.02,3430
216.08,460.74,1418
243.62,458.78,1928
243.64,508.75,2907
216.67,467.18,2822
216.93,463.87,1632
241.6,466.83,3317
243.88,461.38,2076
217.93,468.59,2616
217.3,466.87,1212
215.66,469.92,1526
216.53,460.14,3785
212.9,455.61,1668
217.01,460.37,2759
216.8,469.25,2076
242.34,456.53,3581
212.73,456.82,3171
217.04,459.08,2315
243.74,516.43,2209
217.68,457.28,2430
215.55,456.84,2094
217.53,469.48,2454
216.3,463.73,2530
210.75,448.72,5073
217.1,510.59,3412
217.8,447.05,1562
213.69,514.74,3072
216.56,513.6,4098
241.73,459.22,3210
213.73,460.6,1479
209.02,518.27,1903
216.64,518.42,2716
217.02,456.55,2557
216.84,466.22,2596
215.94,448.38,1458
213.79,522.44,2370
217.46,466.8,2940
216.89,467.8,2940
216.93,453.2,3424
213.45,457.19,2740
217.93,468.42,2196
217.3,445.87,1511
213.09,486.11,1920
238.43,513.33,3422
244.44,469.37,4415
243.35,524.07,2701
210.89,462.16,1345
215.72,467.02,3560
213.12,510.54,1466
242.47,458.98,3215
214.74,465.51,1889
216.26,518.15,2382
212.34,455.23,1705
214.26,468.8,2153
216.6,467.16,3037
243.19,456.55,2318
214.52,459.53,3742
217.37,464.5,2152
214.96,458.88,2958
217.03,512.81,1583
215.78,462.21,1373
244.74,523.14,3290
213.68,464.27,6822
217.85,516.22,1961
242.05,466.42,1253
242.37,458.51,3828
243.87,458.55,1765
215.75,461.6,1733
217.26,468.98,1723
212.77,468.33,2391
217.04,461.95,1903
217.5,454.32,2258
217.28,463.96,2402
244.06,450.09,3876
213.01,462.73,4702
216.8,463.78,1956
214.51,458.03,1574
243.53,469.32,5185
216.49,457.79,2072
217.82,524.1,3035
216.91,448.44,2494
241.71,507.02,3037
240.32,523.82,2050
213.64,448.7,2257
216.98,457.12,3450
241.43,469.0,2073
217.84,455.66,2353
213.85,522.04,1273
242.63,469.25,2769
215.3,469.72,3770
241.02,518.36,1700
244.63,450.23,3034
217.76,460.05,2542
215.62,464.26,1830
244.6,461.73,2162
211.96,466.39,2496
242.32,459.7,1531
244.0,466.9,4152
243.38,459.3,3239
237.85,511.67,2128
215.86,460.96,1971
212.16,467.01,2334
217.3,452.23,2009
243.73,457.57,1429
216.86,467.7,4249
240.26,467.92,1303
215.42,518.3,1342
215.26,464.48,2330
211.59,458.72,3846
244.23,523.98,2513
238.42,452.99,3474
214.59,459.82,1572
216.89,520.96,3514
216.8,507.51,1893
213.99,457.91,1282
216.2,464.13,1963
214.05,468.25,3159
217.6,462.45,1633
242.83,515.34,1700
242.95,505.62,3284
217.24,468.7,1732
212.91,469.63,2207
215.8,460.22,1708
242.58,461.37,1725
216.87,449.45,3546
216.74,513.87,1925
215.66,519.27,3448
234.16,469.84,2377
217.95,519.81,2819
213.78,467.37,2099
214.62,460.3,2941
217.9,468.82,1478
215.5,514.43,2167
217.42,520.02,1996
214.25,464.92,1901
217.58,468.09,2768
217.27,461.76,1020
243.03,457.43,1572
217.93,469.85,2194
216.16,465.22,3542
213.88,467.08,1438
217.38,452.79,1962
214.8,462.43,1395
216.11,459.23,2989
213.59,463.85,2287
244.67,462.58,1922
240.96,448.78,1709
217.54,523.39,1923
217.69,468.3,1932
217.49,492.18,1821
214.79,454.06,2634
243.75,459.17,2943
214.77,457.31,2470
237.51,464.05,3954
217.91,516.0,2544
216.77,456.28,1263
213.94,459.6,2981
217.59,521.83,1585
215.72,456.22,2000
217.05,522.55,2021
216.87,455.96,3414
216.41,459.57,1495
217.24,463.28,1817
216.82,462.92,2439
215.49,469.2,4360
217.82,462.33,2036
214.03,518.6,1076
217.49,460.44,2344
213.29,465.63,2285
216.8,463.81,1587
244.31,524.79,2944
215.83,469.94,6480
215.09,465.9,1798
212.84,468.4,2513
215.13,469.26,1366
216.29,457.47,2077
216.0,466.7,1675
217.35,468.67,1597
217.88,520.12,1533
217.42,468.76,2338
215.77,460.97,1426
238.58,452.11,1567
217.43,466.8,2403
243.16,467.44,3698
214.52,467.47,2311
215.57,518.48,2086
213.07,520.09,1512
243.7,521.5,2807
214.91,457.05,3574
240.8,458.2,"(None, None)"
216.41,468.2,2351
242.09,461.56,2495
217.36,464.62,4127
215.2,522.4,1727
241.18,453.2,1795
215.74,460.3,1902
211.25,511.9,1588
215.35,465.45,1525
217.5,467.69,2620
213.48,519.56,1801
243.53,465.92,3178
217.39,524.33,3186
214.48,456.85,1443
215.82,466.26,2258
215.97,461.5,1839
210.22,468.58,2633
241.48,523.33,1564
217.37,468.38,2953
215.54,468.6,4219
217.63,465.77,3034
242.85,465.95,3274
217.93,468.41,2101
216.13,523.82,2430
214.85,509.2,4170
213.97,521.61,1672
216.8,514.05,4127
244.8,520.76,1433
212.84,468.04,1178
215.37,464.04,1510
244.77,454.74,2030
214.14,516.9,2392
240.93,455.61,2767
242.54,469.87,1549
217.63,451.96,3533
217.53,465.65,1957
240.84,464.36,1958
215.22,456.44,2218
216.5,515.83,3389
214.31,509.43,1763
216.95,524.68,2055
212.63,466.07,1654
212.82,463.6,3903
214.6,510.39,1215
216.52,464.06,1758
217.24,466.87,4367
244.67,469.34,1896
214.06,449.32,1556
213.82,458.67,4163
215.0,465.89,2398
216.57,524.2,3400
216.96,467.93,2896
216.56,469.8,2585
217.49,464.45,2972
216.34,467.73,1913
241.69,466.18,3545
212.01,461.3,3577
217.95,450.45,3412
211.07,462.9,2487
211.43,468.78,2520
217.67,465.96,1843
244.73,465.15,2837
216.77,458.25,1379
217.73,503.11,2387
241.4,459.48,3435
215.6,462.8,2541
216.83,469.4,1925
215.52,523.11,1808
239.61,523.08,2374
214.78,459.91,3367
217.47,456.46,1612
212.61,460.92,2049
217.13,462.32,3186
213.13,464.49,1674
217.3,467.08,2045
215.98,460.29,3662
244.12,469.3,1406
216.31,520.78,3318
241.46,468.45,1482
244.36,459.43,2723
242.25,468.98,1955
217.72,466.28,2018
215.31,453.18,3562
230.37,458.1,2331
237.44,467.53,3385
215.36,520.79,1611
217.0,517.07,2499
212.37,467.92,1449
209.21,468.49,1825
216.33,457.95,2095
243.15,467.39,2014
214.41,465.5,1416
242.82,513.02,2574
216.69,469.58,2798
244.75,458.84,1490
217.98,467.87,1826
215.84,454.67,2477
239.8,460.72,4322
215.88,460.79,2801
216.81,467.83,1691
216.23,465.31,1508
217.7,455.34,2625
243.51,455.47,2171
216.85,461.92,1680
216.22,467.88,2910
217.9,459.82,2549
244.65,454.96,1785
216.26,454.69,3422
214.41,522.25,2511
241.0,517.21,1785
217.19,465.36,3121
216.42,506.79,11881
215.8,522.39,2744
241.78,467.66,2491
215.4,459.99,2332
215.84,459.1,2213
216.03,469.36,1688
217.48,468.26,1409
215.35,455.35,2402
241.22,466.93,2238
217.57,469.17,3117
244.52,463.86,2428
243.91,451.41,2338
217.91,469.77,1711
211.96,521.93,3041
216.28,466.27,5867
242.66,520.94,2338
215.25,506.61,4129
215.46,461.22,3726
215.54,461.39,3085
216.04,462.52,1860
217.12,512.21,1780
217.15,469.57,4021
212.07,468.6,3328
215.88,469.77,1615
241.85,457.9,3678
216.16,467.26,2932
241.6,461.0,4904
214.05,523.54,3147
211.45,467.94,5167
217.8,459.41,1730
216.74,469.79,4486
214.25,466.37,2474
239.1,517.85,1744
217.75,469.8,1476
216.7,453.42,3151
210.64,456.15,1436
240.06,452.13,1411
217.49,522.19,1700
241.33,462.05,3360
